cell_id,include,subset_version,subset_reason,nhit_bin,predE_bin,cell_role,raw_ledger_version
1,0,v2_baseline24,excluded from baseline24: diagnostic_legacy_low_nhit,"[30,60)","[2,3)",diagnostic_legacy_low_nhit,v2_raw65
2,0,v2_baseline24,excluded from baseline24: diagnostic_legacy_low_nhit,"[60,100)","[2,3)",diagnostic_legacy_low_nhit,v2_raw65
3,0,v2_baseline24,excluded from baseline24: diagnostic_legacy_low_nhit,"[60,100)","[3,3.25)",diagnostic_legacy_low_nhit,v2_raw65
4,0,v2_baseline24,excluded from baseline24: diagnostic_legacy_low_nhit,"[60,100)","[3.25,3.5)",diagnostic_legacy_low_nhit,v2_raw65
5,0,v2_baseline24,excluded from baseline24: diagnostic_legacy_low_nhit,"[60,100)","[3.5,3.75)",diagnostic_legacy_low_nhit,v2_raw65
6,0,v2_baseline24,excluded from baseline24: diagnostic_legacy_low_nhit,"[60,100)","[3.75,4.0)",diagnostic_legacy_low_nhit,v2_raw65
7,1,v2_baseline24,included in frozen v2 baseline24,"[100,200)","[2,3)",baseline_fit,v2_raw65
8,1,v2_baseline24,included in frozen v2 baseline24,"[100,200)","[3,3.25)",baseline_fit,v2_raw65
9,1,v2_baseline24,included in frozen v2 baseline24,"[100,200)","[3.25,3.5)",baseline_fit,v2_raw65
10,0,v2_baseline24,excluded from baseline24: transition_probe,"[100,200)","[3.5,3.75)",transition_probe,v2_raw65
11,0,v2_baseline24,excluded from baseline24: diagnostic_response_tail,"[100,200)","[3.75,4.0)",diagnostic_response_tail,v2_raw65
12,0,v2_baseline24,excluded from baseline24: diagnostic_response_tail,"[100,200)","[4.0,4.25)",diagnostic_response_tail,v2_raw65
13,0,v2_baseline24,excluded from baseline24: diagnostic_response_tail,"[100,200)","[4.25,4.5)",diagnostic_response_tail,v2_raw65
14,0,v2_baseline24,excluded from baseline24: diagnostic_response_tail,"[100,200)","[4.5,4.75)",diagnostic_response_tail,v2_raw65
15,0,v2_baseline24,excluded from baseline24: diagnostic_response_tail,"[100,200)","[4.75,5.0)",diagnostic_response_tail,v2_raw65
16,0,v2_baseline24,excluded from baseline24: diagnostic_response_tail,"[100,200)",>=5,diagnostic_response_tail,v2_raw65
17,1,v2_baseline24,included in frozen v2 baseline24,"[200,300)","[2,3)",baseline_fit,v2_raw65
18,1,v2_baseline24,included in frozen v2 baseline24,"[200,300)","[3,3.25)",baseline_fit,v2_raw65
19,1,v2_baseline24,included in frozen v2 baseline24,"[200,300)","[3.25,3.5)",baseline_fit,v2_raw65
20,1,v2_baseline24,included in frozen v2 baseline24,"[200,300)","[3.5,3.75)",baseline_fit,v2_raw65
21,1,v2_baseline24,included in frozen v2 baseline24,"[200,300)","[3.75,4.0)",baseline_fit,v2_raw65
22,0,v2_baseline24,excluded from baseline24: diagnostic_response_tail,"[200,300)","[4.0,4.25)",diagnostic_response_tail,v2_raw65
23,0,v2_baseline24,excluded from baseline24: diagnostic_response_tail,"[200,300)","[4.25,4.5)",diagnostic_response_tail,v2_raw65
24,0,v2_baseline24,excluded from baseline24: diagnostic_response_tail,"[200,300)","[4.5,4.75)",diagnostic_response_tail,v2_raw65
25,0,v2_baseline24,excluded from baseline24: diagnostic_response_tail,"[200,300)","[4.75,5.0)",diagnostic_response_tail,v2_raw65
26,0,v2_baseline24,excluded from baseline24: diagnostic_response_tail,"[200,300)",>=5,diagnostic_response_tail,v2_raw65
27,0,v2_baseline24,excluded from baseline24: diagnostic_response_tail,"[300,500)","[2,3)",diagnostic_response_tail,v2_raw65
28,1,v2_baseline24,included in frozen v2 baseline24,"[300,500)","[3,3.25)",baseline_fit,v2_raw65
29,1,v2_baseline24,included in frozen v2 baseline24,"[300,500)","[3.25,3.5)",baseline_fit,v2_raw65
30,1,v2_baseline24,included in frozen v2 baseline24,"[300,500)","[3.5,3.75)",baseline_fit,v2_raw65
31,1,v2_baseline24,included in frozen v2 baseline24,"[300,500)","[3.75,4.0)",baseline_fit,v2_raw65
32,1,v2_baseline24,included in frozen v2 baseline24,"[300,500)","[4.0,4.25)",baseline_fit,v2_raw65
33,0,v2_baseline24,excluded from baseline24: diagnostic_response_tail,"[300,500)","[4.25,4.5)",diagnostic_response_tail,v2_raw65
34,0,v2_baseline24,excluded from baseline24: diagnostic_response_tail,"[300,500)","[4.5,4.75)",diagnostic_response_tail,v2_raw65
35,0,v2_baseline24,excluded from baseline24: diagnostic_response_tail,"[300,500)","[4.75,5.0)",diagnostic_response_tail,v2_raw65
36,0,v2_baseline24,excluded from baseline24: diagnostic_response_tail,"[300,500)",>=5,diagnostic_response_tail,v2_raw65
37,0,v2_baseline24,excluded from baseline24: diagnostic_response_tail,"[500,800)","[3,3.25)",diagnostic_response_tail,v2_raw65
38,1,v2_baseline24,included in frozen v2 baseline24,"[500,800)","[3.25,3.5)",baseline_fit,v2_raw65
39,1,v2_baseline24,included in frozen v2 baseline24,"[500,800)","[3.5,3.75)",baseline_fit,v2_raw65
40,1,v2_baseline24,included in frozen v2 baseline24,"[500,800)","[3.75,4.0)",baseline_fit,v2_raw65
41,1,v2_baseline24,included in frozen v2 baseline24,"[500,800)","[4.0,4.25)",baseline_fit,v2_raw65
42,1,v2_baseline24,included in frozen v2 baseline24,"[500,800)","[4.25,4.5)",baseline_fit,v2_raw65
43,0,v2_baseline24,excluded from baseline24: diagnostic_response_tail,"[500,800)","[4.5,4.75)",diagnostic_response_tail,v2_raw65
44,0,v2_baseline24,excluded from baseline24: diagnostic_response_tail,"[500,800)","[4.75,5.0)",diagnostic_response_tail,v2_raw65
45,0,v2_baseline24,excluded from baseline24: diagnostic_response_tail,"[500,800)",>=5,diagnostic_response_tail,v2_raw65
46,0,v2_baseline24,excluded from baseline24: diagnostic_response_tail,"[800,1100)","[3.25,3.5)",diagnostic_response_tail,v2_raw65
47,1,v2_baseline24,included in frozen v2 baseline24,"[800,1100)","[3.5,3.75)",baseline_fit,v2_raw65
48,1,v2_baseline24,included in frozen v2 baseline24,"[800,1100)","[3.75,4.0)",baseline_fit,v2_raw65
49,1,v2_baseline24,included in frozen v2 baseline24,"[800,1100)","[4.0,4.25)",baseline_fit,v2_raw65
50,0,v2_baseline24,excluded from baseline24: diagnostic_response_tail,"[800,1100)","[4.25,4.5)",diagnostic_response_tail,v2_raw65
51,0,v2_baseline24,excluded from baseline24: diagnostic_response_tail,"[800,1100)","[4.5,4.75)",diagnostic_response_tail,v2_raw65
52,0,v2_baseline24,excluded from baseline24: diagnostic_response_tail,"[800,1100)","[4.75,5.0)",diagnostic_response_tail,v2_raw65
53,0,v2_baseline24,excluded from baseline24: diagnostic_response_tail,"[800,1100)",>=5,diagnostic_response_tail,v2_raw65
54,0,v2_baseline24,excluded from baseline24: diagnostic_response_tail,"[1100,2000)","[3.5,3.75)",diagnostic_response_tail,v2_raw65
55,1,v2_baseline24,included in frozen v2 baseline24,"[1100,2000)","[3.75,4.0)",baseline_fit,v2_raw65
56,1,v2_baseline24,included in frozen v2 baseline24,"[1100,2000)","[4.0,4.25)",baseline_fit,v2_raw65
57,1,v2_baseline24,included in frozen v2 baseline24,"[1100,2000)","[4.25,4.5)",baseline_fit,v2_raw65
58,0,v2_baseline24,excluded from baseline24: diagnostic_response_tail,"[1100,2000)","[4.5,4.75)",diagnostic_response_tail,v2_raw65
59,0,v2_baseline24,excluded from baseline24: diagnostic_response_tail,"[1100,2000)","[4.75,5.0)",diagnostic_response_tail,v2_raw65
60,0,v2_baseline24,excluded from baseline24: diagnostic_response_tail,"[1100,2000)",>=5,diagnostic_response_tail,v2_raw65
61,0,v2_baseline24,excluded from baseline24: diagnostic_low_stat_high_energy,"[2000,3000)","[4.0,4.25)",diagnostic_low_stat_high_energy,v2_raw65
62,0,v2_baseline24,excluded from baseline24: diagnostic_low_stat_high_energy,"[2000,3000)","[4.25,4.5)",diagnostic_low_stat_high_energy,v2_raw65
63,0,v2_baseline24,excluded from baseline24: diagnostic_low_stat_high_energy,"[2000,3000)","[4.5,4.75)",diagnostic_low_stat_high_energy,v2_raw65
64,0,v2_baseline24,excluded from baseline24: diagnostic_low_stat_high_energy,"[2000,3000)","[4.75,5.0)",diagnostic_low_stat_high_energy,v2_raw65
65,0,v2_baseline24,excluded from baseline24: diagnostic_low_stat_high_energy,"[2000,3000)",>=5,diagnostic_low_stat_high_energy,v2_raw65
