cell_id,include,subset_version,subset_reason,nhit_bin,predE_bin,mc_count,central99_flag,physical_ridge_flag,ridge_peak_fraction,fit_predE_range_flag,tail_bin_flag,psf_quality_flag,cell_role,exclusion_source
1,1,v6_64670_split56_prefit,"central99 MC-occupancy-ridge prefit cell inside [2,6)","[125,200)","[2,2.5)",181708,1,1,0.42966014125903557,1,0,1,baseline_fit,
2,1,v6_64670_split56_prefit,"central99 MC-occupancy-ridge prefit cell inside [2,6)","[125,200)","[2.5,3)",422911,1,1,1.0,1,0,1,baseline_fit,
3,1,v6_64670_split56_prefit,"central99 MC-occupancy-ridge prefit cell inside [2,6)","[125,200)","[3,3.25)",93047,1,1,0.22001555882916263,1,0,1,baseline_fit,
4,0,v6_64670_split56_prefit,excluded by central99/MC-ridge/statistics prefit selector,"[125,200)","[3.25,3.5)",41310,1,0,0.09768012655144936,1,0,1,excluded,MC_prefit_selector
5,0,v6_64670_split56_prefit,excluded by central99/MC-ridge/statistics prefit selector,"[125,200)","[3.5,3.75)",23204,1,0,0.05486733615346964,1,0,1,excluded,MC_prefit_selector
6,0,v6_64670_split56_prefit,excluded by central99/MC-ridge/statistics prefit selector,"[125,200)","[3.75,4.0)",15040,1,0,0.03556303808602756,1,0,1,excluded,MC_prefit_selector
7,0,v6_64670_split56_prefit,excluded by central99/MC-ridge/statistics prefit selector,"[125,200)","[4.0,4.25)",9876,1,0,0.023352431126170754,1,0,1,excluded,MC_prefit_selector
8,0,v6_64670_split56_prefit,excluded by central99/MC-ridge/statistics prefit selector,"[125,200)","[4.25,4.5)",6719,1,0,0.015887503517288508,1,0,1,excluded,MC_prefit_selector
9,0,v6_64670_split56_prefit,excluded by central99/MC-ridge/statistics prefit selector,"[125,200)","[4.5,4.75)",5392,1,0,0.012749727484033283,1,0,1,excluded,MC_prefit_selector
10,0,v6_64670_split56_prefit,excluded by central99/MC-ridge/statistics prefit selector,"[125,200)","[4.75,5.0)",4808,1,0,0.011368822281756681,1,0,1,excluded,MC_prefit_selector
11,0,v6_64670_split56_prefit,split56 high-energy probe excluded except preserved highest-Nhit baseline split,"[125,200)","[5,5.5)",10152,1,0,0.0240050507080686,1,0,1,high_energy_probe,high_energy_probe
12,0,v6_64670_split56_prefit,split56 high-energy probe excluded except preserved highest-Nhit baseline split,"[125,200)","[5.5,6)",8843,1,0,0.020909836821458888,1,0,1,high_energy_probe,high_energy_probe
13,0,v6_64670_split56_prefit,diagnostic >=6 tail bin excluded from main fit,"[125,200)",>=6,187,0,0,0.0,0,1,1,diagnostic_tail,fit_predE_range
14,0,v6_64670_split56_prefit,excluded by central99/MC-ridge/statistics prefit selector,"[200,300)","[2,2.5)",16110,1,0,0.06693340313353027,1,0,1,excluded,MC_prefit_selector
15,1,v6_64670_split56_prefit,"central99 MC-occupancy-ridge prefit cell inside [2,6)","[200,300)","[2.5,3)",240687,1,1,1.0,1,0,1,baseline_fit,
16,1,v6_64670_split56_prefit,"central99 MC-occupancy-ridge prefit cell inside [2,6)","[200,300)","[3,3.25)",133861,1,1,0.5561621525051208,1,0,1,baseline_fit,
17,1,v6_64670_split56_prefit,"central99 MC-occupancy-ridge prefit cell inside [2,6)","[200,300)","[3.25,3.5)",59826,1,1,0.2485634870184098,1,0,1,baseline_fit,
18,1,v6_64670_split56_prefit,"central99 MC-occupancy-ridge prefit cell inside [2,6)","[200,300)","[3.5,3.75)",27202,1,1,0.11301815220597705,1,0,1,baseline_fit,
19,0,v6_64670_split56_prefit,excluded by central99/MC-ridge/statistics prefit selector,"[200,300)","[3.75,4.0)",17297,1,0,0.07186511942896791,1,0,1,excluded,MC_prefit_selector
20,0,v6_64670_split56_prefit,excluded by central99/MC-ridge/statistics prefit selector,"[200,300)","[4.0,4.25)",13679,1,0,0.05683314844590692,1,0,1,excluded,MC_prefit_selector
21,0,v6_64670_split56_prefit,excluded by central99/MC-ridge/statistics prefit selector,"[200,300)","[4.25,4.5)",10230,1,0,0.0425033342058358,1,0,1,excluded,MC_prefit_selector
22,0,v6_64670_split56_prefit,excluded by central99/MC-ridge/statistics prefit selector,"[200,300)","[4.5,4.75)",8154,1,0,0.03387802415585387,1,0,1,excluded,MC_prefit_selector
23,0,v6_64670_split56_prefit,excluded by central99/MC-ridge/statistics prefit selector,"[200,300)","[4.75,5.0)",6647,1,0,0.02761678029972537,1,0,1,excluded,MC_prefit_selector
24,0,v6_64670_split56_prefit,split56 high-energy probe excluded except preserved highest-Nhit baseline split,"[200,300)","[5,5.5)",13024,1,0,0.05411177172011783,1,0,1,high_energy_probe,high_energy_probe
25,0,v6_64670_split56_prefit,split56 high-energy probe excluded except preserved highest-Nhit baseline split,"[200,300)","[5.5,6)",9455,1,0,0.03928338464478763,1,0,1,high_energy_probe,high_energy_probe
26,0,v6_64670_split56_prefit,diagnostic >=6 tail bin excluded from main fit,"[200,300)",>=6,173,0,0,0.0,0,1,1,diagnostic_tail,fit_predE_range
27,0,v6_64670_split56_prefit,excluded by central99/MC-ridge/statistics prefit selector,"[300,500)","[2,2.5)",266,0,0,0.0017973458742128166,1,0,1,excluded,MC_prefit_selector
28,1,v6_64670_split56_prefit,"central99 MC-occupancy-ridge prefit cell inside [2,6)","[300,500)","[2.5,3)",67886,1,1,0.45870158652936566,1,0,1,baseline_fit,
29,1,v6_64670_split56_prefit,"central99 MC-occupancy-ridge prefit cell inside [2,6)","[300,500)","[3,3.25)",147996,1,1,1.0,1,0,1,baseline_fit,
30,1,v6_64670_split56_prefit,"central99 MC-occupancy-ridge prefit cell inside [2,6)","[300,500)","[3.25,3.5)",123504,1,1,0.8345090407848861,1,0,1,baseline_fit,
31,1,v6_64670_split56_prefit,"central99 MC-occupancy-ridge prefit cell inside [2,6)","[300,500)","[3.5,3.75)",50681,1,1,0.34244844455255546,1,0,1,baseline_fit,
32,1,v6_64670_split56_prefit,"central99 MC-occupancy-ridge prefit cell inside [2,6)","[300,500)","[3.75,4.0)",21548,1,1,0.14559852968999162,1,0,1,baseline_fit,
33,1,v6_64670_split56_prefit,"central99 MC-occupancy-ridge prefit cell inside [2,6)","[300,500)","[4.0,4.25)",15484,1,1,0.1046244493094408,1,0,1,baseline_fit,
34,0,v6_64670_split56_prefit,excluded by central99/MC-ridge/statistics prefit selector,"[300,500)","[4.25,4.5)",12379,1,0,0.08364415254466337,1,0,1,excluded,MC_prefit_selector
35,0,v6_64670_split56_prefit,excluded by central99/MC-ridge/statistics prefit selector,"[300,500)","[4.5,4.75)",10557,1,0,0.07133300900024325,1,0,1,excluded,MC_prefit_selector
36,0,v6_64670_split56_prefit,excluded by central99/MC-ridge/statistics prefit selector,"[300,500)","[4.75,5.0)",8906,1,0,0.060177302089245654,1,0,1,excluded,MC_prefit_selector
37,1,v6_64670_split56_prefit,"central99 MC-occupancy-ridge prefit cell inside [2,6)","[300,500)","[5,5.5)",17593,1,1,0.11887483445498527,1,0,1,baseline_fit,
38,0,v6_64670_split56_prefit,split56 high-energy probe excluded except preserved highest-Nhit baseline split,"[300,500)","[5.5,6)",13248,1,0,0.08951593286305035,1,0,1,high_energy_probe,high_energy_probe
39,0,v6_64670_split56_prefit,diagnostic >=6 tail bin excluded from main fit,"[300,500)",>=6,192,0,0,0.0,0,1,1,diagnostic_tail,fit_predE_range
40,0,v6_64670_split56_prefit,excluded by central99/MC-ridge/statistics prefit selector,"[500,800)","[2,2.5)",0,0,0,0.0,1,0,1,excluded,MC_prefit_selector
41,0,v6_64670_split56_prefit,excluded by central99/MC-ridge/statistics prefit selector,"[500,800)","[2.5,3)",1188,0,0,0.01517881099313887,1,0,1,excluded,MC_prefit_selector
42,1,v6_64670_split56_prefit,"central99 MC-occupancy-ridge prefit cell inside [2,6)","[500,800)","[3,3.25)",21957,1,1,0.28053969105753385,1,0,1,baseline_fit,
43,1,v6_64670_split56_prefit,"central99 MC-occupancy-ridge prefit cell inside [2,6)","[500,800)","[3.25,3.5)",76528,1,1,0.9777811849182925,1,0,1,baseline_fit,
44,1,v6_64670_split56_prefit,"central99 MC-occupancy-ridge prefit cell inside [2,6)","[500,800)","[3.5,3.75)",78267,1,1,1.0,1,0,1,baseline_fit,
45,1,v6_64670_split56_prefit,"central99 MC-occupancy-ridge prefit cell inside [2,6)","[500,800)","[3.75,4.0)",33636,1,1,0.42975966882594197,1,0,1,baseline_fit,
46,1,v6_64670_split56_prefit,"central99 MC-occupancy-ridge prefit cell inside [2,6)","[500,800)","[4.0,4.25)",12122,1,1,0.1548800899485096,1,0,1,baseline_fit,
47,0,v6_64670_split56_prefit,excluded by central99/MC-ridge/statistics prefit selector,"[500,800)","[4.25,4.5)",6969,1,0,0.08904135842692322,1,0,1,excluded,MC_prefit_selector
48,0,v6_64670_split56_prefit,excluded by central99/MC-ridge/statistics prefit selector,"[500,800)","[4.5,4.75)",5966,1,0,0.0762262511658809,1,0,1,excluded,MC_prefit_selector
49,0,v6_64670_split56_prefit,excluded by central99/MC-ridge/statistics prefit selector,"[500,800)","[4.75,5.0)",6086,1,0,0.07775946439751108,1,0,1,excluded,MC_prefit_selector
50,1,v6_64670_split56_prefit,"central99 MC-occupancy-ridge prefit cell inside [2,6)","[500,800)","[5,5.5)",13703,1,1,0.17508017427523734,1,0,1,baseline_fit,
51,1,v6_64670_split56_prefit,"central99 MC-occupancy-ridge prefit cell inside [2,6)","[500,800)","[5.5,6)",11485,1,1,0.14674128304393932,1,0,1,baseline_fit,
52,0,v6_64670_split56_prefit,diagnostic >=6 tail bin excluded from main fit,"[500,800)",>=6,142,0,0,0.0,0,1,1,diagnostic_tail,fit_predE_range
53,0,v6_64670_split56_prefit,excluded by central99/MC-ridge/statistics prefit selector,"[800,1100)","[2,2.5)",0,0,0,0.0,1,0,1,excluded,MC_prefit_selector
54,0,v6_64670_split56_prefit,excluded by central99/MC-ridge/statistics prefit selector,"[800,1100)","[2.5,3)",5,0,0,0.00016227970530005519,1,0,1,excluded,MC_prefit_selector
55,0,v6_64670_split56_prefit,excluded by central99/MC-ridge/statistics prefit selector,"[800,1100)","[3,3.25)",490,1,0,0.01590341111940541,1,0,1,excluded,MC_prefit_selector
56,1,v6_64670_split56_prefit,"central99 MC-occupancy-ridge prefit cell inside [2,6)","[800,1100)","[3.25,3.5)",7276,1,1,0.23614942715264028,1,0,1,baseline_fit,
57,1,v6_64670_split56_prefit,"central99 MC-occupancy-ridge prefit cell inside [2,6)","[800,1100)","[3.5,3.75)",26776,1,1,0.8690402778228554,1,0,1,baseline_fit,
58,1,v6_64670_split56_prefit,"central99 MC-occupancy-ridge prefit cell inside [2,6)","[800,1100)","[3.75,4.0)",30811,1,1,1.0,1,0,1,baseline_fit,
59,1,v6_64670_split56_prefit,"central99 MC-occupancy-ridge prefit cell inside [2,6)","[800,1100)","[4.0,4.25)",14279,1,1,0.4634383823958976,1,0,1,baseline_fit,
60,1,v6_64670_split56_prefit,"central99 MC-occupancy-ridge prefit cell inside [2,6)","[800,1100)","[4.25,4.5)",4144,1,1,0.13449741975268573,1,0,1,baseline_fit,
61,0,v6_64670_split56_prefit,excluded by central99/MC-ridge/statistics prefit selector,"[800,1100)","[4.5,4.75)",1783,1,0,0.05786894290999967,1,0,1,excluded,MC_prefit_selector
62,0,v6_64670_split56_prefit,excluded by central99/MC-ridge/statistics prefit selector,"[800,1100)","[4.75,5.0)",1857,1,0,0.06027068254844049,1,0,1,excluded,MC_prefit_selector
63,1,v6_64670_split56_prefit,"central99 MC-occupancy-ridge prefit cell inside [2,6)","[800,1100)","[5,5.5)",4903,1,1,0.1591314790172341,1,0,1,baseline_fit,
64,0,v6_64670_split56_prefit,split56 high-energy probe excluded except preserved highest-Nhit baseline split,"[800,1100)","[5.5,6)",2876,1,0,0.09334328648859173,1,0,1,high_energy_probe,high_energy_probe
65,0,v6_64670_split56_prefit,diagnostic >=6 tail bin excluded from main fit,"[800,1100)",>=6,19,0,0,0.0,0,1,1,diagnostic_tail,fit_predE_range
66,0,v6_64670_split56_prefit,excluded by central99/MC-ridge/statistics prefit selector,"[1100,2000)","[2,2.5)",0,0,0,0.0,1,0,1,excluded,MC_prefit_selector
67,0,v6_64670_split56_prefit,excluded by central99/MC-ridge/statistics prefit selector,"[1100,2000)","[2.5,3)",0,0,0,0.0,1,0,1,excluded,MC_prefit_selector
68,0,v6_64670_split56_prefit,excluded by central99/MC-ridge/statistics prefit selector,"[1100,2000)","[3,3.25)",6,0,0,0.00020010005002501252,1,0,1,excluded,MC_prefit_selector
69,0,v6_64670_split56_prefit,excluded by central99/MC-ridge/statistics prefit selector,"[1100,2000)","[3.25,3.5)",324,0,0,0.010805402701350676,1,0,1,excluded,MC_prefit_selector
70,1,v6_64670_split56_prefit,"central99 MC-occupancy-ridge prefit cell inside [2,6)","[1100,2000)","[3.5,3.75)",4270,1,1,0.1424045356011339,1,0,1,baseline_fit,
71,1,v6_64670_split56_prefit,"central99 MC-occupancy-ridge prefit cell inside [2,6)","[1100,2000)","[3.75,4.0)",17528,1,1,0.5845589461397366,1,0,1,baseline_fit,
72,1,v6_64670_split56_prefit,"central99 MC-occupancy-ridge prefit cell inside [2,6)","[1100,2000)","[4.0,4.25)",29985,1,1,1.0,1,0,1,baseline_fit,
73,1,v6_64670_split56_prefit,"central99 MC-occupancy-ridge prefit cell inside [2,6)","[1100,2000)","[4.25,4.5)",18934,1,1,0.6314490578622645,1,0,1,baseline_fit,
74,1,v6_64670_split56_prefit,"central99 MC-occupancy-ridge prefit cell inside [2,6)","[1100,2000)","[4.5,4.75)",7628,1,1,0.2543938635984659,1,0,1,baseline_fit,
75,0,v6_64670_split56_prefit,excluded by central99/MC-ridge/statistics prefit selector,"[1100,2000)","[4.75,5.0)",2044,1,0,0.06816741704185426,1,0,1,excluded,MC_prefit_selector
76,0,v6_64670_split56_prefit,split56 high-energy probe excluded except preserved highest-Nhit baseline split,"[1100,2000)","[5,5.5)",958,1,0,0.031949307987326994,1,0,1,high_energy_probe,high_energy_probe
77,0,v6_64670_split56_prefit,split56 high-energy probe excluded except preserved highest-Nhit baseline split,"[1100,2000)","[5.5,6)",173,0,0,0.00576955144238786,1,0,1,high_energy_probe,high_energy_probe
78,0,v6_64670_split56_prefit,diagnostic >=6 tail bin excluded from main fit,"[1100,2000)",>=6,0,0,0,0.0,0,1,1,diagnostic_tail,fit_predE_range
79,0,v6_64670_split56_prefit,excluded by central99/MC-ridge/statistics prefit selector,"[2000,3000)","[2,2.5)",0,0,0,0.0,1,0,1,excluded,MC_prefit_selector
80,0,v6_64670_split56_prefit,excluded by central99/MC-ridge/statistics prefit selector,"[2000,3000)","[2.5,3)",0,0,0,0.0,1,0,1,excluded,MC_prefit_selector
81,0,v6_64670_split56_prefit,excluded by central99/MC-ridge/statistics prefit selector,"[2000,3000)","[3,3.25)",0,0,0,0.0,1,0,1,excluded,MC_prefit_selector
82,0,v6_64670_split56_prefit,excluded by central99/MC-ridge/statistics prefit selector,"[2000,3000)","[3.25,3.5)",0,0,0,0.0,1,0,1,excluded,MC_prefit_selector
83,0,v6_64670_split56_prefit,excluded by central99/MC-ridge/statistics prefit selector,"[2000,3000)","[3.5,3.75)",0,0,0,0.0,1,0,1,excluded,MC_prefit_selector
84,0,v6_64670_split56_prefit,excluded by central99/MC-ridge/statistics prefit selector,"[2000,3000)","[3.75,4.0)",9,0,0,0.0013013302486986698,1,0,1,excluded,MC_prefit_selector
85,0,v6_64670_split56_prefit,excluded by central99/MC-ridge/statistics prefit selector,"[2000,3000)","[4.0,4.25)",584,1,0,0.08444187391555813,1,0,1,excluded,MC_prefit_selector
86,1,v6_64670_split56_prefit,"central99 MC-occupancy-ridge prefit cell inside [2,6)","[2000,3000)","[4.25,4.5)",2327,1,1,0.33646616541353386,1,0,1,baseline_fit,
87,1,v6_64670_split56_prefit,"central99 MC-occupancy-ridge prefit cell inside [2,6)","[2000,3000)","[4.5,4.75)",5383,1,1,0.77834008097166,1,0,1,baseline_fit,
88,1,v6_64670_split56_prefit,"central99 MC-occupancy-ridge prefit cell inside [2,6)","[2000,3000)","[4.75,5.0)",6447,1,1,0.9321862348178138,1,0,1,baseline_fit,
89,1,v6_64670_split56_prefit,"central99 MC-occupancy-ridge prefit cell inside [2,6)","[2000,3000)","[5,5.5)",6916,1,1,1.0,1,0,1,baseline_fit,
90,0,v6_64670_split56_prefit,excluded by central99/MC-ridge/statistics prefit selector,"[2000,3000)","[5.5,6)",876,1,0,0.1266628108733372,1,0,1,excluded,MC_prefit_selector
91,0,v6_64670_split56_prefit,diagnostic >=6 tail bin excluded from main fit,"[2000,3000)",>=6,0,0,0,0.0,0,1,1,diagnostic_tail,fit_predE_range
