cell_id,nhit_bin,predE_bin,mc_count,candidate_version,strategy,central99_flag,fit_predE_range_flag,tail_bin_flag,selection_version,selection_reason,raw_ledger_version,cell_role,role_reason,source_pool,source_nhit_bin,source_predE_bins
1,"[125,200)","[2,2.5)",186591,v6_64748_split56_candidate,split56,1,1,0,v6_64748_split56_candidate,"central99 MC-occupancy-ridge prefit cell inside [2,6)",v6_64748_split56_candidate,baseline_fit,"central99 MC-occupancy-ridge prefit cell inside [2,6)",filtered_existing_cache,"[100,200)","[2,3)"
2,"[125,200)","[2.5,3)",418034,v6_64748_split56_candidate,split56,1,1,0,v6_64748_split56_candidate,"central99 MC-occupancy-ridge prefit cell inside [2,6)",v6_64748_split56_candidate,baseline_fit,"central99 MC-occupancy-ridge prefit cell inside [2,6)",filtered_existing_cache,"[100,200)","[2,3)"
3,"[125,200)","[3,3.25)",88759,v6_64748_split56_candidate,split56,1,1,0,v6_64748_split56_candidate,"central99 MC-occupancy-ridge prefit cell inside [2,6)",v6_64748_split56_candidate,baseline_fit,"central99 MC-occupancy-ridge prefit cell inside [2,6)",filtered_existing_cache,"[100,200)","[3,3.25)"
4,"[125,200)","[3.25,3.5)",42094,v6_64748_split56_candidate,split56,1,1,0,v6_64748_split56_candidate,central-99 count-qualified probe outside MC occupancy ridge,v6_64748_split56_candidate,systematics_probe,central-99 count-qualified probe outside MC occupancy ridge,filtered_existing_cache,"[100,200)","[3.25,3.5)"
5,"[125,200)","[3.5,3.75)",23611,v6_64748_split56_candidate,split56,1,1,0,v6_64748_split56_candidate,central-99 count-qualified probe outside MC occupancy ridge,v6_64748_split56_candidate,systematics_probe,central-99 count-qualified probe outside MC occupancy ridge,filtered_existing_cache,"[100,200)","[3.5,3.75)"
6,"[125,200)","[3.75,4.0)",16474,v6_64748_split56_candidate,split56,1,1,0,v6_64748_split56_candidate,central-99 count-qualified probe outside MC occupancy ridge,v6_64748_split56_candidate,systematics_probe,central-99 count-qualified probe outside MC occupancy ridge,filtered_existing_cache,"[100,200)","[3.75,4.0)"
7,"[125,200)","[4.0,4.25)",11008,v6_64748_split56_candidate,split56,1,1,0,v6_64748_split56_candidate,central-99 count-qualified probe outside MC occupancy ridge,v6_64748_split56_candidate,systematics_probe,central-99 count-qualified probe outside MC occupancy ridge,filtered_existing_cache,"[100,200)","[4.0,4.25)"
8,"[125,200)","[4.25,4.5)",7175,v6_64748_split56_candidate,split56,1,1,0,v6_64748_split56_candidate,central-99 count-qualified probe outside MC occupancy ridge,v6_64748_split56_candidate,systematics_probe,central-99 count-qualified probe outside MC occupancy ridge,filtered_existing_cache,"[100,200)","[4.25,4.5)"
9,"[125,200)","[4.5,4.75)",5325,v6_64748_split56_candidate,split56,1,1,0,v6_64748_split56_candidate,central-99 count-qualified probe outside MC occupancy ridge,v6_64748_split56_candidate,systematics_probe,central-99 count-qualified probe outside MC occupancy ridge,filtered_existing_cache,"[100,200)","[4.5,4.75)"
10,"[125,200)","[4.75,5.0)",4880,v6_64748_split56_candidate,split56,1,1,0,v6_64748_split56_candidate,central-99 count-qualified probe outside MC occupancy ridge,v6_64748_split56_candidate,systematics_probe,central-99 count-qualified probe outside MC occupancy ridge,filtered_existing_cache,"[100,200)","[4.75,5.0)"
11,"[125,200)","[5,5.5)",10845,v6_64748_split56_candidate,split56,1,1,0,v6_64748_split56_candidate,split56 high-energy diagnostic/probe outside preserved highest-Nhit baseline split,v6_64748_split56_candidate,high_energy_probe,split56 high-energy diagnostic/probe outside preserved highest-Nhit baseline split,filtered_existing_cache,"[100,200)",>=5
12,"[125,200)","[5.5,6)",8244,v6_64748_split56_candidate,split56,1,1,0,v6_64748_split56_candidate,split56 high-energy diagnostic/probe outside preserved highest-Nhit baseline split,v6_64748_split56_candidate,high_energy_probe,split56 high-energy diagnostic/probe outside preserved highest-Nhit baseline split,filtered_existing_cache,"[100,200)",>=5
13,"[125,200)",>=6,157,v6_64748_split56_candidate,split56,0,0,1,v6_64748_split56_candidate,"diagnostic >=6 tail bin outside [2,6); not used in main fit",v6_64748_split56_candidate,diagnostic_tail,"diagnostic >=6 tail bin outside [2,6); not used in main fit",filtered_existing_cache,"[100,200)",>=5
14,"[200,300)","[2,2.5)",17965,v6_64748_split56_candidate,split56,1,1,0,v6_64748_split56_candidate,central-99 count-qualified probe outside MC occupancy ridge,v6_64748_split56_candidate,systematics_probe,central-99 count-qualified probe outside MC occupancy ridge,filtered_existing_cache,"[200,300)","[2,3)"
15,"[200,300)","[2.5,3)",255726,v6_64748_split56_candidate,split56,1,1,0,v6_64748_split56_candidate,"central99 MC-occupancy-ridge prefit cell inside [2,6)",v6_64748_split56_candidate,baseline_fit,"central99 MC-occupancy-ridge prefit cell inside [2,6)",filtered_existing_cache,"[200,300)","[2,3)"
16,"[200,300)","[3,3.25)",122642,v6_64748_split56_candidate,split56,1,1,0,v6_64748_split56_candidate,"central99 MC-occupancy-ridge prefit cell inside [2,6)",v6_64748_split56_candidate,baseline_fit,"central99 MC-occupancy-ridge prefit cell inside [2,6)",existing_cache_symlink,"[200,300)","[3,3.25)"
17,"[200,300)","[3.25,3.5)",55093,v6_64748_split56_candidate,split56,1,1,0,v6_64748_split56_candidate,"central99 MC-occupancy-ridge prefit cell inside [2,6)",v6_64748_split56_candidate,baseline_fit,"central99 MC-occupancy-ridge prefit cell inside [2,6)",existing_cache_symlink,"[200,300)","[3.25,3.5)"
18,"[200,300)","[3.5,3.75)",26172,v6_64748_split56_candidate,split56,1,1,0,v6_64748_split56_candidate,"central99 MC-occupancy-ridge prefit cell inside [2,6)",v6_64748_split56_candidate,baseline_fit,"central99 MC-occupancy-ridge prefit cell inside [2,6)",existing_cache_symlink,"[200,300)","[3.5,3.75)"
19,"[200,300)","[3.75,4.0)",16631,v6_64748_split56_candidate,split56,1,1,0,v6_64748_split56_candidate,central-99 count-qualified probe outside MC occupancy ridge,v6_64748_split56_candidate,systematics_probe,central-99 count-qualified probe outside MC occupancy ridge,existing_cache_symlink,"[200,300)","[3.75,4.0)"
20,"[200,300)","[4.0,4.25)",13247,v6_64748_split56_candidate,split56,1,1,0,v6_64748_split56_candidate,central-99 count-qualified probe outside MC occupancy ridge,v6_64748_split56_candidate,systematics_probe,central-99 count-qualified probe outside MC occupancy ridge,existing_cache_symlink,"[200,300)","[4.0,4.25)"
21,"[200,300)","[4.25,4.5)",10121,v6_64748_split56_candidate,split56,1,1,0,v6_64748_split56_candidate,central-99 count-qualified probe outside MC occupancy ridge,v6_64748_split56_candidate,systematics_probe,central-99 count-qualified probe outside MC occupancy ridge,existing_cache_symlink,"[200,300)","[4.25,4.5)"
22,"[200,300)","[4.5,4.75)",7811,v6_64748_split56_candidate,split56,1,1,0,v6_64748_split56_candidate,central-99 count-qualified probe outside MC occupancy ridge,v6_64748_split56_candidate,systematics_probe,central-99 count-qualified probe outside MC occupancy ridge,existing_cache_symlink,"[200,300)","[4.5,4.75)"
23,"[200,300)","[4.75,5.0)",6480,v6_64748_split56_candidate,split56,1,1,0,v6_64748_split56_candidate,central-99 count-qualified probe outside MC occupancy ridge,v6_64748_split56_candidate,systematics_probe,central-99 count-qualified probe outside MC occupancy ridge,existing_cache_symlink,"[200,300)","[4.75,5.0)"
24,"[200,300)","[5,5.5)",13668,v6_64748_split56_candidate,split56,1,1,0,v6_64748_split56_candidate,split56 high-energy diagnostic/probe outside preserved highest-Nhit baseline split,v6_64748_split56_candidate,high_energy_probe,split56 high-energy diagnostic/probe outside preserved highest-Nhit baseline split,filtered_existing_cache,"[200,300)",>=5
25,"[200,300)","[5.5,6)",10586,v6_64748_split56_candidate,split56,1,1,0,v6_64748_split56_candidate,split56 high-energy diagnostic/probe outside preserved highest-Nhit baseline split,v6_64748_split56_candidate,high_energy_probe,split56 high-energy diagnostic/probe outside preserved highest-Nhit baseline split,filtered_existing_cache,"[200,300)",>=5
26,"[200,300)",>=6,203,v6_64748_split56_candidate,split56,0,0,1,v6_64748_split56_candidate,"diagnostic >=6 tail bin outside [2,6); not used in main fit",v6_64748_split56_candidate,diagnostic_tail,"diagnostic >=6 tail bin outside [2,6); not used in main fit",filtered_existing_cache,"[200,300)",>=5
27,"[300,500)","[2,2.5)",227,v6_64748_split56_candidate,split56,0,1,0,v6_64748_split56_candidate,outside MC central-99 reconstructed-energy population,v6_64748_split56_candidate,diagnostic_response_tail,outside MC central-99 reconstructed-energy population,filtered_existing_cache,"[300,500)","[2,3)"
28,"[300,500)","[2.5,3)",80182,v6_64748_split56_candidate,split56,1,1,0,v6_64748_split56_candidate,"central99 MC-occupancy-ridge prefit cell inside [2,6)",v6_64748_split56_candidate,baseline_fit,"central99 MC-occupancy-ridge prefit cell inside [2,6)",filtered_existing_cache,"[300,500)","[2,3)"
29,"[300,500)","[3,3.25)",151506,v6_64748_split56_candidate,split56,1,1,0,v6_64748_split56_candidate,"central99 MC-occupancy-ridge prefit cell inside [2,6)",v6_64748_split56_candidate,baseline_fit,"central99 MC-occupancy-ridge prefit cell inside [2,6)",existing_cache_symlink,"[300,500)","[3,3.25)"
30,"[300,500)","[3.25,3.5)",112141,v6_64748_split56_candidate,split56,1,1,0,v6_64748_split56_candidate,"central99 MC-occupancy-ridge prefit cell inside [2,6)",v6_64748_split56_candidate,baseline_fit,"central99 MC-occupancy-ridge prefit cell inside [2,6)",existing_cache_symlink,"[300,500)","[3.25,3.5)"
31,"[300,500)","[3.5,3.75)",46983,v6_64748_split56_candidate,split56,1,1,0,v6_64748_split56_candidate,"central99 MC-occupancy-ridge prefit cell inside [2,6)",v6_64748_split56_candidate,baseline_fit,"central99 MC-occupancy-ridge prefit cell inside [2,6)",existing_cache_symlink,"[300,500)","[3.5,3.75)"
32,"[300,500)","[3.75,4.0)",20906,v6_64748_split56_candidate,split56,1,1,0,v6_64748_split56_candidate,"central99 MC-occupancy-ridge prefit cell inside [2,6)",v6_64748_split56_candidate,baseline_fit,"central99 MC-occupancy-ridge prefit cell inside [2,6)",existing_cache_symlink,"[300,500)","[3.75,4.0)"
33,"[300,500)","[4.0,4.25)",13417,v6_64748_split56_candidate,split56,1,1,0,v6_64748_split56_candidate,"central99 MC-occupancy-ridge prefit cell inside [2,6)",v6_64748_split56_candidate,baseline_fit,"central99 MC-occupancy-ridge prefit cell inside [2,6)",existing_cache_symlink,"[300,500)","[4.0,4.25)"
34,"[300,500)","[4.25,4.5)",11186,v6_64748_split56_candidate,split56,1,1,0,v6_64748_split56_candidate,central-99 count-qualified probe outside MC occupancy ridge,v6_64748_split56_candidate,systematics_probe,central-99 count-qualified probe outside MC occupancy ridge,existing_cache_symlink,"[300,500)","[4.25,4.5)"
35,"[300,500)","[4.5,4.75)",10057,v6_64748_split56_candidate,split56,1,1,0,v6_64748_split56_candidate,central-99 count-qualified probe outside MC occupancy ridge,v6_64748_split56_candidate,systematics_probe,central-99 count-qualified probe outside MC occupancy ridge,existing_cache_symlink,"[300,500)","[4.5,4.75)"
36,"[300,500)","[4.75,5.0)",8426,v6_64748_split56_candidate,split56,1,1,0,v6_64748_split56_candidate,central-99 count-qualified probe outside MC occupancy ridge,v6_64748_split56_candidate,systematics_probe,central-99 count-qualified probe outside MC occupancy ridge,existing_cache_symlink,"[300,500)","[4.75,5.0)"
37,"[300,500)","[5,5.5)",17631,v6_64748_split56_candidate,split56,1,1,0,v6_64748_split56_candidate,"central99 MC-occupancy-ridge prefit cell inside [2,6)",v6_64748_split56_candidate,baseline_fit,"central99 MC-occupancy-ridge prefit cell inside [2,6)",filtered_existing_cache,"[300,500)",>=5
38,"[300,500)","[5.5,6)",17145,v6_64748_split56_candidate,split56,1,1,0,v6_64748_split56_candidate,split56 high-energy diagnostic/probe outside preserved highest-Nhit baseline split,v6_64748_split56_candidate,high_energy_probe,split56 high-energy diagnostic/probe outside preserved highest-Nhit baseline split,filtered_existing_cache,"[300,500)",>=5
39,"[300,500)",>=6,433,v6_64748_split56_candidate,split56,0,0,1,v6_64748_split56_candidate,"diagnostic >=6 tail bin outside [2,6); not used in main fit",v6_64748_split56_candidate,diagnostic_tail,"diagnostic >=6 tail bin outside [2,6); not used in main fit",filtered_existing_cache,"[300,500)",>=5
40,"[500,800)","[2,2.5)",0,v6_64748_split56_candidate,split56,0,1,0,v6_64748_split56_candidate,outside MC central-99 reconstructed-energy population,v6_64748_split56_candidate,diagnostic_response_tail,outside MC central-99 reconstructed-energy population,filtered_existing_cache,"[500,800)","[2,3)"
41,"[500,800)","[2.5,3)",913,v6_64748_split56_candidate,split56,0,1,0,v6_64748_split56_candidate,outside MC central-99 reconstructed-energy population,v6_64748_split56_candidate,diagnostic_response_tail,outside MC central-99 reconstructed-energy population,filtered_existing_cache,"[500,800)","[2,3)"
42,"[500,800)","[3,3.25)",27769,v6_64748_split56_candidate,split56,1,1,0,v6_64748_split56_candidate,"central99 MC-occupancy-ridge prefit cell inside [2,6)",v6_64748_split56_candidate,baseline_fit,"central99 MC-occupancy-ridge prefit cell inside [2,6)",existing_cache_symlink,"[500,800)","[3,3.25)"
43,"[500,800)","[3.25,3.5)",89513,v6_64748_split56_candidate,split56,1,1,0,v6_64748_split56_candidate,"central99 MC-occupancy-ridge prefit cell inside [2,6)",v6_64748_split56_candidate,baseline_fit,"central99 MC-occupancy-ridge prefit cell inside [2,6)",existing_cache_symlink,"[500,800)","[3.25,3.5)"
44,"[500,800)","[3.5,3.75)",68604,v6_64748_split56_candidate,split56,1,1,0,v6_64748_split56_candidate,"central99 MC-occupancy-ridge prefit cell inside [2,6)",v6_64748_split56_candidate,baseline_fit,"central99 MC-occupancy-ridge prefit cell inside [2,6)",existing_cache_symlink,"[500,800)","[3.5,3.75)"
45,"[500,800)","[3.75,4.0)",26703,v6_64748_split56_candidate,split56,1,1,0,v6_64748_split56_candidate,"central99 MC-occupancy-ridge prefit cell inside [2,6)",v6_64748_split56_candidate,baseline_fit,"central99 MC-occupancy-ridge prefit cell inside [2,6)",existing_cache_symlink,"[500,800)","[3.75,4.0)"
46,"[500,800)","[4.0,4.25)",10601,v6_64748_split56_candidate,split56,1,1,0,v6_64748_split56_candidate,"central99 MC-occupancy-ridge prefit cell inside [2,6)",v6_64748_split56_candidate,baseline_fit,"central99 MC-occupancy-ridge prefit cell inside [2,6)",existing_cache_symlink,"[500,800)","[4.0,4.25)"
47,"[500,800)","[4.25,4.5)",5257,v6_64748_split56_candidate,split56,1,1,0,v6_64748_split56_candidate,central-99 count-qualified probe outside MC occupancy ridge,v6_64748_split56_candidate,systematics_probe,central-99 count-qualified probe outside MC occupancy ridge,existing_cache_symlink,"[500,800)","[4.25,4.5)"
48,"[500,800)","[4.5,4.75)",5154,v6_64748_split56_candidate,split56,1,1,0,v6_64748_split56_candidate,central-99 count-qualified probe outside MC occupancy ridge,v6_64748_split56_candidate,systematics_probe,central-99 count-qualified probe outside MC occupancy ridge,existing_cache_symlink,"[500,800)","[4.5,4.75)"
49,"[500,800)","[4.75,5.0)",5397,v6_64748_split56_candidate,split56,1,1,0,v6_64748_split56_candidate,central-99 count-qualified probe outside MC occupancy ridge,v6_64748_split56_candidate,systematics_probe,central-99 count-qualified probe outside MC occupancy ridge,existing_cache_symlink,"[500,800)","[4.75,5.0)"
50,"[500,800)","[5,5.5)",13235,v6_64748_split56_candidate,split56,1,1,0,v6_64748_split56_candidate,"central99 MC-occupancy-ridge prefit cell inside [2,6)",v6_64748_split56_candidate,baseline_fit,"central99 MC-occupancy-ridge prefit cell inside [2,6)",filtered_existing_cache,"[500,800)",>=5
51,"[500,800)","[5.5,6)",14477,v6_64748_split56_candidate,split56,1,1,0,v6_64748_split56_candidate,"central99 MC-occupancy-ridge prefit cell inside [2,6)",v6_64748_split56_candidate,baseline_fit,"central99 MC-occupancy-ridge prefit cell inside [2,6)",filtered_existing_cache,"[500,800)",>=5
52,"[500,800)",>=6,426,v6_64748_split56_candidate,split56,0,0,1,v6_64748_split56_candidate,"diagnostic >=6 tail bin outside [2,6); not used in main fit",v6_64748_split56_candidate,diagnostic_tail,"diagnostic >=6 tail bin outside [2,6); not used in main fit",filtered_existing_cache,"[500,800)",>=5
53,"[800,1100)","[2,2.5)",0,v6_64748_split56_candidate,split56,0,1,0,v6_64748_split56_candidate,outside MC central-99 reconstructed-energy population,v6_64748_split56_candidate,diagnostic_response_tail,outside MC central-99 reconstructed-energy population,filtered_existing_cache,"[800,1100)","[2,3)"
54,"[800,1100)","[2.5,3)",5,v6_64748_split56_candidate,split56,0,1,0,v6_64748_split56_candidate,outside MC central-99 reconstructed-energy population,v6_64748_split56_candidate,diagnostic_response_tail,outside MC central-99 reconstructed-energy population,filtered_existing_cache,"[800,1100)","[2,3)"
55,"[800,1100)","[3,3.25)",1093,v6_64748_split56_candidate,split56,1,1,0,v6_64748_split56_candidate,below prefit MC-count threshold,v6_64748_split56_candidate,diagnostic_low_stat,below prefit MC-count threshold,existing_cache_symlink,"[800,1100)","[3,3.25)"
56,"[800,1100)","[3.25,3.5)",15783,v6_64748_split56_candidate,split56,1,1,0,v6_64748_split56_candidate,"central99 MC-occupancy-ridge prefit cell inside [2,6)",v6_64748_split56_candidate,baseline_fit,"central99 MC-occupancy-ridge prefit cell inside [2,6)",existing_cache_symlink,"[800,1100)","[3.25,3.5)"
57,"[800,1100)","[3.5,3.75)",32787,v6_64748_split56_candidate,split56,1,1,0,v6_64748_split56_candidate,"central99 MC-occupancy-ridge prefit cell inside [2,6)",v6_64748_split56_candidate,baseline_fit,"central99 MC-occupancy-ridge prefit cell inside [2,6)",existing_cache_symlink,"[800,1100)","[3.5,3.75)"
58,"[800,1100)","[3.75,4.0)",22615,v6_64748_split56_candidate,split56,1,1,0,v6_64748_split56_candidate,"central99 MC-occupancy-ridge prefit cell inside [2,6)",v6_64748_split56_candidate,baseline_fit,"central99 MC-occupancy-ridge prefit cell inside [2,6)",existing_cache_symlink,"[800,1100)","[3.75,4.0)"
59,"[800,1100)","[4.0,4.25)",9020,v6_64748_split56_candidate,split56,1,1,0,v6_64748_split56_candidate,"central99 MC-occupancy-ridge prefit cell inside [2,6)",v6_64748_split56_candidate,baseline_fit,"central99 MC-occupancy-ridge prefit cell inside [2,6)",existing_cache_symlink,"[800,1100)","[4.0,4.25)"
60,"[800,1100)","[4.25,4.5)",2841,v6_64748_split56_candidate,split56,1,1,0,v6_64748_split56_candidate,"central99 MC-occupancy-ridge prefit cell inside [2,6)",v6_64748_split56_candidate,baseline_fit,"central99 MC-occupancy-ridge prefit cell inside [2,6)",existing_cache_symlink,"[800,1100)","[4.25,4.5)"
61,"[800,1100)","[4.5,4.75)",1287,v6_64748_split56_candidate,split56,1,1,0,v6_64748_split56_candidate,central-99 count-qualified probe outside MC occupancy ridge,v6_64748_split56_candidate,systematics_probe,central-99 count-qualified probe outside MC occupancy ridge,existing_cache_symlink,"[800,1100)","[4.5,4.75)"
62,"[800,1100)","[4.75,5.0)",1482,v6_64748_split56_candidate,split56,1,1,0,v6_64748_split56_candidate,central-99 count-qualified probe outside MC occupancy ridge,v6_64748_split56_candidate,systematics_probe,central-99 count-qualified probe outside MC occupancy ridge,existing_cache_symlink,"[800,1100)","[4.75,5.0)"
63,"[800,1100)","[5,5.5)",4644,v6_64748_split56_candidate,split56,1,1,0,v6_64748_split56_candidate,"central99 MC-occupancy-ridge prefit cell inside [2,6)",v6_64748_split56_candidate,baseline_fit,"central99 MC-occupancy-ridge prefit cell inside [2,6)",filtered_existing_cache,"[800,1100)",>=5
64,"[800,1100)","[5.5,6)",3591,v6_64748_split56_candidate,split56,1,1,0,v6_64748_split56_candidate,split56 high-energy diagnostic/probe outside preserved highest-Nhit baseline split,v6_64748_split56_candidate,high_energy_probe,split56 high-energy diagnostic/probe outside preserved highest-Nhit baseline split,filtered_existing_cache,"[800,1100)",>=5
65,"[800,1100)",>=6,71,v6_64748_split56_candidate,split56,0,0,1,v6_64748_split56_candidate,"diagnostic >=6 tail bin outside [2,6); not used in main fit",v6_64748_split56_candidate,diagnostic_tail,"diagnostic >=6 tail bin outside [2,6); not used in main fit",filtered_existing_cache,"[800,1100)",>=5
66,"[1100,2000)","[2,2.5)",0,v6_64748_split56_candidate,split56,0,1,0,v6_64748_split56_candidate,outside MC central-99 reconstructed-energy population,v6_64748_split56_candidate,diagnostic_response_tail,outside MC central-99 reconstructed-energy population,filtered_existing_cache,"[1100,2000)","[2,3)"
67,"[1100,2000)","[2.5,3)",0,v6_64748_split56_candidate,split56,0,1,0,v6_64748_split56_candidate,outside MC central-99 reconstructed-energy population,v6_64748_split56_candidate,diagnostic_response_tail,outside MC central-99 reconstructed-energy population,filtered_existing_cache,"[1100,2000)","[2,3)"
68,"[1100,2000)","[3,3.25)",16,v6_64748_split56_candidate,split56,0,1,0,v6_64748_split56_candidate,outside MC central-99 reconstructed-energy population,v6_64748_split56_candidate,diagnostic_response_tail,outside MC central-99 reconstructed-energy population,existing_cache_symlink,"[1100,2000)","[3,3.25)"
69,"[1100,2000)","[3.25,3.5)",1565,v6_64748_split56_candidate,split56,0,1,0,v6_64748_split56_candidate,outside MC central-99 reconstructed-energy population,v6_64748_split56_candidate,diagnostic_response_tail,outside MC central-99 reconstructed-energy population,existing_cache_symlink,"[1100,2000)","[3.25,3.5)"
70,"[1100,2000)","[3.5,3.75)",10960,v6_64748_split56_candidate,split56,1,1,0,v6_64748_split56_candidate,"central99 MC-occupancy-ridge prefit cell inside [2,6)",v6_64748_split56_candidate,baseline_fit,"central99 MC-occupancy-ridge prefit cell inside [2,6)",existing_cache_symlink,"[1100,2000)","[3.5,3.75)"
71,"[1100,2000)","[3.75,4.0)",23726,v6_64748_split56_candidate,split56,1,1,0,v6_64748_split56_candidate,"central99 MC-occupancy-ridge prefit cell inside [2,6)",v6_64748_split56_candidate,baseline_fit,"central99 MC-occupancy-ridge prefit cell inside [2,6)",existing_cache_symlink,"[1100,2000)","[3.75,4.0)"
72,"[1100,2000)","[4.0,4.25)",23998,v6_64748_split56_candidate,split56,1,1,0,v6_64748_split56_candidate,"central99 MC-occupancy-ridge prefit cell inside [2,6)",v6_64748_split56_candidate,baseline_fit,"central99 MC-occupancy-ridge prefit cell inside [2,6)",existing_cache_symlink,"[1100,2000)","[4.0,4.25)"
73,"[1100,2000)","[4.25,4.5)",13380,v6_64748_split56_candidate,split56,1,1,0,v6_64748_split56_candidate,"central99 MC-occupancy-ridge prefit cell inside [2,6)",v6_64748_split56_candidate,baseline_fit,"central99 MC-occupancy-ridge prefit cell inside [2,6)",existing_cache_symlink,"[1100,2000)","[4.25,4.5)"
74,"[1100,2000)","[4.5,4.75)",5650,v6_64748_split56_candidate,split56,1,1,0,v6_64748_split56_candidate,"central99 MC-occupancy-ridge prefit cell inside [2,6)",v6_64748_split56_candidate,baseline_fit,"central99 MC-occupancy-ridge prefit cell inside [2,6)",existing_cache_symlink,"[1100,2000)","[4.5,4.75)"
75,"[1100,2000)","[4.75,5.0)",1641,v6_64748_split56_candidate,split56,1,1,0,v6_64748_split56_candidate,central-99 count-qualified probe outside MC occupancy ridge,v6_64748_split56_candidate,systematics_probe,central-99 count-qualified probe outside MC occupancy ridge,existing_cache_symlink,"[1100,2000)","[4.75,5.0)"
76,"[1100,2000)","[5,5.5)",687,v6_64748_split56_candidate,split56,1,1,0,v6_64748_split56_candidate,split56 high-energy diagnostic/probe outside preserved highest-Nhit baseline split,v6_64748_split56_candidate,high_energy_probe,split56 high-energy diagnostic/probe outside preserved highest-Nhit baseline split,filtered_existing_cache,"[1100,2000)",>=5
77,"[1100,2000)","[5.5,6)",223,v6_64748_split56_candidate,split56,0,1,0,v6_64748_split56_candidate,split56 high-energy diagnostic/probe outside preserved highest-Nhit baseline split,v6_64748_split56_candidate,high_energy_probe,split56 high-energy diagnostic/probe outside preserved highest-Nhit baseline split,filtered_existing_cache,"[1100,2000)",>=5
78,"[1100,2000)",>=6,4,v6_64748_split56_candidate,split56,0,0,1,v6_64748_split56_candidate,"diagnostic >=6 tail bin outside [2,6); not used in main fit",v6_64748_split56_candidate,diagnostic_tail,"diagnostic >=6 tail bin outside [2,6); not used in main fit",filtered_existing_cache,"[1100,2000)",>=5
79,"[2000,3000)","[2,2.5)",0,v6_64748_split56_candidate,split56,0,1,0,v6_64748_split56_candidate,outside MC central-99 reconstructed-energy population,v6_64748_split56_candidate,diagnostic_response_tail,outside MC central-99 reconstructed-energy population,filtered_existing_cache,>=2000,"[2,3)"
80,"[2000,3000)","[2.5,3)",0,v6_64748_split56_candidate,split56,0,1,0,v6_64748_split56_candidate,outside MC central-99 reconstructed-energy population,v6_64748_split56_candidate,diagnostic_response_tail,outside MC central-99 reconstructed-energy population,filtered_existing_cache,>=2000,"[2,3)"
81,"[2000,3000)","[3,3.25)",0,v6_64748_split56_candidate,split56,0,1,0,v6_64748_split56_candidate,outside MC central-99 reconstructed-energy population,v6_64748_split56_candidate,diagnostic_response_tail,outside MC central-99 reconstructed-energy population,filtered_existing_cache,>=2000,"[3,3.25)"
82,"[2000,3000)","[3.25,3.5)",0,v6_64748_split56_candidate,split56,0,1,0,v6_64748_split56_candidate,outside MC central-99 reconstructed-energy population,v6_64748_split56_candidate,diagnostic_response_tail,outside MC central-99 reconstructed-energy population,filtered_existing_cache,>=2000,"[3.25,3.5)"
83,"[2000,3000)","[3.5,3.75)",4,v6_64748_split56_candidate,split56,0,1,0,v6_64748_split56_candidate,outside MC central-99 reconstructed-energy population,v6_64748_split56_candidate,diagnostic_response_tail,outside MC central-99 reconstructed-energy population,filtered_existing_cache,>=2000,"[3.5,3.75)"
84,"[2000,3000)","[3.75,4.0)",156,v6_64748_split56_candidate,split56,0,1,0,v6_64748_split56_candidate,outside MC central-99 reconstructed-energy population,v6_64748_split56_candidate,diagnostic_response_tail,outside MC central-99 reconstructed-energy population,filtered_existing_cache,>=2000,"[3.75,4.0)"
85,"[2000,3000)","[4.0,4.25)",1175,v6_64748_split56_candidate,split56,1,1,0,v6_64748_split56_candidate,below prefit MC-count threshold,v6_64748_split56_candidate,diagnostic_low_stat,below prefit MC-count threshold,filtered_existing_cache,>=2000,"[4.0,4.25)"
86,"[2000,3000)","[4.25,4.5)",3127,v6_64748_split56_candidate,split56,1,1,0,v6_64748_split56_candidate,"central99 MC-occupancy-ridge prefit cell inside [2,6)",v6_64748_split56_candidate,baseline_fit,"central99 MC-occupancy-ridge prefit cell inside [2,6)",filtered_existing_cache,>=2000,"[4.25,4.5)"
87,"[2000,3000)","[4.5,4.75)",5515,v6_64748_split56_candidate,split56,1,1,0,v6_64748_split56_candidate,"central99 MC-occupancy-ridge prefit cell inside [2,6)",v6_64748_split56_candidate,baseline_fit,"central99 MC-occupancy-ridge prefit cell inside [2,6)",filtered_existing_cache,>=2000,"[4.5,4.75)"
88,"[2000,3000)","[4.75,5.0)",5332,v6_64748_split56_candidate,split56,1,1,0,v6_64748_split56_candidate,"central99 MC-occupancy-ridge prefit cell inside [2,6)",v6_64748_split56_candidate,baseline_fit,"central99 MC-occupancy-ridge prefit cell inside [2,6)",filtered_existing_cache,>=2000,"[4.75,5.0)"
89,"[2000,3000)","[5,5.5)",6434,v6_64748_split56_candidate,split56,1,1,0,v6_64748_split56_candidate,"central99 MC-occupancy-ridge prefit cell inside [2,6)",v6_64748_split56_candidate,baseline_fit,"central99 MC-occupancy-ridge prefit cell inside [2,6)",filtered_existing_cache,>=2000,>=5
90,"[2000,3000)","[5.5,6)",799,v6_64748_split56_candidate,split56,1,1,0,v6_64748_split56_candidate,split56 high-energy diagnostic/probe outside preserved highest-Nhit baseline split,v6_64748_split56_candidate,high_energy_probe,split56 high-energy diagnostic/probe outside preserved highest-Nhit baseline split,filtered_existing_cache,>=2000,>=5
91,"[2000,3000)",>=6,0,v6_64748_split56_candidate,split56,0,0,1,v6_64748_split56_candidate,"diagnostic >=6 tail bin outside [2,6); not used in main fit",v6_64748_split56_candidate,diagnostic_tail,"diagnostic >=6 tail bin outside [2,6); not used in main fit",filtered_existing_cache,>=2000,>=5
