cell_id,include,subset_version,subset_reason,nhit_bin,predE_bin,mc_count,central99_flag,physical_ridge_flag,ridge_peak_fraction,psf_quality_flag,cell_role,exclusion_source,psf_systematic_variant,psf_borrowed_from,psf_borrow_method
1,1,v5_cellsel_baseline26,v5 cell-selection baseline26 nominal reference matching current v4 baseline,"[125,200)","[2,2.5)",186591,1,1,0.4463536458756943,1,baseline26_fit,,,,
2,1,v5_cellsel_baseline26,v5 cell-selection baseline26 nominal reference matching current v4 baseline,"[125,200)","[2.5,3)",418034,1,1,1.0,1,baseline26_fit,,,,
3,1,v5_cellsel_baseline26,v5 cell-selection baseline26 nominal reference matching current v4 baseline,"[125,200)","[3,3.25)",88759,1,1,0.21232483482204798,1,baseline26_fit,,,,
4,0,v5_cellsel_baseline26,excluded from v5 cell-selection baseline26 frozen selector,"[125,200)","[3.25,3.5)",42094,1,1,0.10069515876699024,1,excluded,v5_cellsel_baseline26,,,
5,0,v5_cellsel_baseline26,excluded from v5 cell-selection baseline26 frozen selector,"[125,200)","[3.5,3.75)",23611,1,0,0.05648105178047719,1,excluded,v5_cellsel_baseline26,,,
6,0,v5_cellsel_baseline26,excluded from v5 cell-selection baseline26 frozen selector,"[125,200)","[3.75,4.0)",16474,1,0,0.039408277795586005,1,excluded,v5_cellsel_baseline26,,,
7,0,v5_cellsel_baseline26,excluded from v5 cell-selection baseline26 frozen selector,"[125,200)","[4.0,4.25)",11008,1,0,0.02633278632838477,1,excluded,v5_cellsel_baseline26,,,
8,0,v5_cellsel_baseline26,excluded from v5 cell-selection baseline26 frozen selector,"[125,200)","[4.25,4.5)",7175,1,0,0.017163675681882335,1,excluded,v5_cellsel_baseline26,,,
9,0,v5_cellsel_baseline26,excluded from v5 cell-selection baseline26 frozen selector,"[125,200)","[4.5,4.75)",5325,1,0,0.012738198328365636,1,excluded,v5_cellsel_baseline26,,,
10,0,v5_cellsel_baseline26,excluded from v5 cell-selection baseline26 frozen selector,"[125,200)","[4.75,5.0)",4880,1,0,0.011673691613600807,1,excluded,v5_cellsel_baseline26,,,
11,0,v5_cellsel_baseline26,excluded from v5 cell-selection baseline26 frozen selector,"[125,200)","[5,6)",19089,1,0,0.04566374983852988,1,excluded,v5_cellsel_baseline26,,,
12,0,v5_cellsel_baseline26,excluded from v5 cell-selection baseline26 frozen selector,"[125,200)",>=6,157,0,0,0.0003755675375687145,0,excluded,v5_cellsel_baseline26,,,
13,0,v5_cellsel_baseline26,excluded from v5 cell-selection baseline26 frozen selector,"[200,300)","[2,2.5)",17965,1,0,0.07025097174319389,1,excluded,v5_cellsel_baseline26,,,
14,1,v5_cellsel_baseline26,v5 cell-selection baseline26 nominal reference matching current v4 baseline,"[200,300)","[2.5,3)",255726,1,1,1.0,1,baseline26_fit,,,,
15,1,v5_cellsel_baseline26,v5 cell-selection baseline26 nominal reference matching current v4 baseline,"[200,300)","[3,3.25)",122642,1,1,0.479583616839899,1,baseline26_fit,,,,
16,1,v5_cellsel_baseline26,v5 cell-selection baseline26 nominal reference matching current v4 baseline,"[200,300)","[3.25,3.5)",55093,1,1,0.21543761682425722,1,baseline26_fit,,,,
17,0,v5_cellsel_baseline26,excluded from v5 cell-selection baseline26 frozen selector,"[200,300)","[3.5,3.75)",26172,1,1,0.10234391497149292,1,excluded,v5_cellsel_baseline26,,,
18,0,v5_cellsel_baseline26,excluded from v5 cell-selection baseline26 frozen selector,"[200,300)","[3.75,4.0)",16631,1,0,0.0650344509357672,1,excluded,v5_cellsel_baseline26,,,
19,0,v5_cellsel_baseline26,excluded from v5 cell-selection baseline26 frozen selector,"[200,300)","[4.0,4.25)",13247,1,0,0.051801537583194515,1,excluded,v5_cellsel_baseline26,,,
20,0,v5_cellsel_baseline26,excluded from v5 cell-selection baseline26 frozen selector,"[200,300)","[4.25,4.5)",10121,1,0,0.039577516560693866,1,excluded,v5_cellsel_baseline26,,,
21,0,v5_cellsel_baseline26,excluded from v5 cell-selection baseline26 frozen selector,"[200,300)","[4.5,4.75)",7811,1,0,0.030544410814700107,1,excluded,v5_cellsel_baseline26,,,
22,0,v5_cellsel_baseline26,excluded from v5 cell-selection baseline26 frozen selector,"[200,300)","[4.75,5.0)",6480,1,0,0.025339621313437036,1,excluded,v5_cellsel_baseline26,,,
23,0,v5_cellsel_baseline26,excluded from v5 cell-selection baseline26 frozen selector,"[200,300)","[5,6)",24254,1,0,0.0948436998975466,1,excluded,v5_cellsel_baseline26,,,
24,0,v5_cellsel_baseline26,excluded from v5 cell-selection baseline26 frozen selector,"[200,300)",>=6,203,0,0,0.0007938183837388454,0,excluded,v5_cellsel_baseline26,,,
25,0,v5_cellsel_baseline26,excluded from v5 cell-selection baseline26 frozen selector,"[300,500)","[2,2.5)",227,0,0,0.0014982904967460035,0,excluded,v5_cellsel_baseline26,,,
26,1,v5_cellsel_baseline26,v5 cell-selection baseline26 nominal reference matching current v4 baseline,"[300,500)","[2.5,3)",80182,1,1,0.5292331656832072,1,baseline26_fit,,,,
27,1,v5_cellsel_baseline26,v5 cell-selection baseline26 nominal reference matching current v4 baseline,"[300,500)","[3,3.25)",151506,1,1,1.0,1,baseline26_fit,,,,
28,1,v5_cellsel_baseline26,v5 cell-selection baseline26 nominal reference matching current v4 baseline,"[300,500)","[3.25,3.5)",112141,1,1,0.7401753065885179,1,baseline26_fit,,,,
29,1,v5_cellsel_baseline26,v5 cell-selection baseline26 nominal reference matching current v4 baseline,"[300,500)","[3.5,3.75)",46983,1,1,0.31010653043443825,1,baseline26_fit,,,,
30,1,v5_cellsel_baseline26,v5 cell-selection baseline26 nominal reference matching current v4 baseline,"[300,500)","[3.75,4.0)",20906,1,1,0.13798793447124205,1,baseline26_fit,,,,
31,0,v5_cellsel_baseline26,excluded from v5 cell-selection baseline26 frozen selector,"[300,500)","[4.0,4.25)",13417,1,0,0.0885575488759521,1,excluded,v5_cellsel_baseline26,,,
32,0,v5_cellsel_baseline26,excluded from v5 cell-selection baseline26 frozen selector,"[300,500)","[4.25,4.5)",11186,1,0,0.07383205945639117,1,excluded,v5_cellsel_baseline26,,,
33,0,v5_cellsel_baseline26,excluded from v5 cell-selection baseline26 frozen selector,"[300,500)","[4.5,4.75)",10057,1,0,0.06638020936464563,1,excluded,v5_cellsel_baseline26,,,
34,0,v5_cellsel_baseline26,excluded from v5 cell-selection baseline26 frozen selector,"[300,500)","[4.75,5.0)",8426,1,0,0.05561495914353227,1,excluded,v5_cellsel_baseline26,,,
35,0,v5_cellsel_baseline26,excluded from v5 cell-selection baseline26 frozen selector,"[300,500)","[5,6)",34776,1,0,0.2295354639420221,1,excluded,v5_cellsel_baseline26,,,
36,0,v5_cellsel_baseline26,excluded from v5 cell-selection baseline26 frozen selector,"[300,500)",>=6,433,0,0,0.0028579726215463416,0,excluded,v5_cellsel_baseline26,,,
37,0,v5_cellsel_baseline26,excluded from v5 cell-selection baseline26 frozen selector,"[500,800)","[2,2.5)",0,0,0,0.0,0,excluded,v5_cellsel_baseline26,,,
38,0,v5_cellsel_baseline26,excluded from v5 cell-selection baseline26 frozen selector,"[500,800)","[2.5,3)",913,0,0,0.010199635807089474,0,excluded,v5_cellsel_baseline26,,,
39,0,v5_cellsel_baseline26,excluded from v5 cell-selection baseline26 frozen selector,"[500,800)","[3,3.25)",27769,1,1,0.3102230960866019,1,excluded,v5_cellsel_baseline26,v3_psfborrow,40,nearest_neighbor_borrow
40,1,v5_cellsel_baseline26,v5 cell-selection baseline26 nominal reference matching current v4 baseline,"[500,800)","[3.25,3.5)",89513,1,1,1.0,1,baseline26_fit,,,,
41,1,v5_cellsel_baseline26,v5 cell-selection baseline26 nominal reference matching current v4 baseline,"[500,800)","[3.5,3.75)",68604,1,1,0.7664138169874767,1,baseline26_fit,,,,
42,1,v5_cellsel_baseline26,v5 cell-selection baseline26 nominal reference matching current v4 baseline,"[500,800)","[3.75,4.0)",26703,1,1,0.2983142113436037,1,baseline26_fit,,,,
43,0,v5_cellsel_baseline26,excluded from v5 cell-selection baseline26 frozen selector,"[500,800)","[4.0,4.25)",10601,1,1,0.11842972529129847,1,excluded,v5_cellsel_baseline26,,,
44,0,v5_cellsel_baseline26,excluded from v5 cell-selection baseline26 frozen selector,"[500,800)","[4.25,4.5)",5257,1,0,0.058728899712890865,1,excluded,v5_cellsel_baseline26,,,
45,0,v5_cellsel_baseline26,excluded from v5 cell-selection baseline26 frozen selector,"[500,800)","[4.5,4.75)",5154,1,0,0.057578228860612424,1,excluded,v5_cellsel_baseline26,,,
46,0,v5_cellsel_baseline26,excluded from v5 cell-selection baseline26 frozen selector,"[500,800)","[4.75,5.0)",5397,1,0,0.06029291834705573,1,excluded,v5_cellsel_baseline26,,,
47,0,v5_cellsel_baseline26,excluded from v5 cell-selection baseline26 frozen selector,"[500,800)","[5,6)",27712,1,0,0.3095863170712634,1,excluded,v5_cellsel_baseline26,,,
48,0,v5_cellsel_baseline26,excluded from v5 cell-selection baseline26 frozen selector,"[500,800)",>=6,426,0,0,0.004759085272530247,0,excluded,v5_cellsel_baseline26,,,
49,0,v5_cellsel_baseline26,excluded from v5 cell-selection baseline26 frozen selector,"[800,1100)","[2,2.5)",0,0,0,0.0,0,excluded,v5_cellsel_baseline26,,,
50,0,v5_cellsel_baseline26,excluded from v5 cell-selection baseline26 frozen selector,"[800,1100)","[2.5,3)",5,0,0,0.00015249946625186812,0,excluded,v5_cellsel_baseline26,,,
51,0,v5_cellsel_baseline26,excluded from v5 cell-selection baseline26 frozen selector,"[800,1100)","[3,3.25)",1093,1,0,0.03333638332265837,0,excluded,v5_cellsel_baseline26,,,
52,1,v5_cellsel_baseline26,v5 cell-selection baseline26 nominal reference matching current v4 baseline,"[800,1100)","[3.25,3.5)",15783,1,1,0.48137981517064693,1,baseline26_fit,,v3_psfborrow,"53,54",nearest_neighbor_weighted_interpolation
53,1,v5_cellsel_baseline26,v5 cell-selection baseline26 nominal reference matching current v4 baseline,"[800,1100)","[3.5,3.75)",32787,1,1,1.0,1,baseline26_fit,,,,
54,1,v5_cellsel_baseline26,v5 cell-selection baseline26 nominal reference matching current v4 baseline,"[800,1100)","[3.75,4.0)",22615,1,1,0.6897550858571995,1,baseline26_fit,,,,
55,1,v5_cellsel_baseline26,v5 cell-selection baseline26 nominal reference matching current v4 baseline,"[800,1100)","[4.0,4.25)",9020,1,1,0.2751090371183701,1,baseline26_fit,,,,
56,0,v5_cellsel_baseline26,excluded from v5 cell-selection baseline26 frozen selector,"[800,1100)","[4.25,4.5)",2841,1,0,0.08665019672431147,1,excluded,v5_cellsel_baseline26,,,
57,0,v5_cellsel_baseline26,excluded from v5 cell-selection baseline26 frozen selector,"[800,1100)","[4.5,4.75)",1287,1,0,0.039253362613230855,1,excluded,v5_cellsel_baseline26,,,
58,0,v5_cellsel_baseline26,excluded from v5 cell-selection baseline26 frozen selector,"[800,1100)","[4.75,5.0)",1482,1,0,0.04520084179705371,1,excluded,v5_cellsel_baseline26,,,
59,0,v5_cellsel_baseline26,excluded from v5 cell-selection baseline26 frozen selector,"[800,1100)","[5,6)",8235,1,0,0.2511666209168268,1,excluded,v5_cellsel_baseline26,,,
60,0,v5_cellsel_baseline26,excluded from v5 cell-selection baseline26 frozen selector,"[800,1100)",>=6,71,0,0,0.002165492420776527,0,excluded,v5_cellsel_baseline26,,,
61,0,v5_cellsel_baseline26,excluded from v5 cell-selection baseline26 frozen selector,"[1100,2000)","[2,2.5)",0,0,0,0.0,0,excluded,v5_cellsel_baseline26,,,
62,0,v5_cellsel_baseline26,excluded from v5 cell-selection baseline26 frozen selector,"[1100,2000)","[2.5,3)",0,0,0,0.0,0,excluded,v5_cellsel_baseline26,,,
63,0,v5_cellsel_baseline26,excluded from v5 cell-selection baseline26 frozen selector,"[1100,2000)","[3,3.25)",16,0,0,0.0006667222268522376,0,excluded,v5_cellsel_baseline26,,,
64,0,v5_cellsel_baseline26,excluded from v5 cell-selection baseline26 frozen selector,"[1100,2000)","[3.25,3.5)",1565,1,0,0.0652137678139845,0,excluded,v5_cellsel_baseline26,,,
65,1,v5_cellsel_baseline26,v5 cell-selection baseline26 nominal reference matching current v4 baseline,"[1100,2000)","[3.5,3.75)",10960,1,1,0.4567047253937828,1,baseline26_fit,,v3_psfborrow,"66,67",nearest_neighbor_weighted_interpolation
66,1,v5_cellsel_baseline26,v5 cell-selection baseline26 nominal reference matching current v4 baseline,"[1100,2000)","[3.75,4.0)",23726,1,1,0.988665722143512,1,baseline26_fit,,,,
67,1,v5_cellsel_baseline26,v5 cell-selection baseline26 nominal reference matching current v4 baseline,"[1100,2000)","[4.0,4.25)",23998,1,1,1.0,1,baseline26_fit,,,,
68,1,v5_cellsel_baseline26,v5 cell-selection baseline26 nominal reference matching current v4 baseline,"[1100,2000)","[4.25,4.5)",13380,1,1,0.5575464622051838,1,baseline26_fit,,,,
69,1,v5_cellsel_baseline26,v5 cell-selection baseline26 nominal reference matching current v4 baseline,"[1100,2000)","[4.5,4.75)",5650,1,1,0.23543628635719643,1,baseline26_fit,,,,
70,0,v5_cellsel_baseline26,excluded from v5 cell-selection baseline26 frozen selector,"[1100,2000)","[4.75,5.0)",1641,1,0,0.06838069839153263,0,excluded,v5_cellsel_baseline26,,,
71,0,v5_cellsel_baseline26,excluded from v5 cell-selection baseline26 frozen selector,"[1100,2000)","[5,6)",910,1,0,0.03791982665222102,0,excluded,v5_cellsel_baseline26,,,
72,0,v5_cellsel_baseline26,excluded from v5 cell-selection baseline26 frozen selector,"[1100,2000)",>=6,4,0,0,0.0001666805567130594,0,excluded,v5_cellsel_baseline26,,,
73,0,v5_cellsel_baseline26,excluded from v5 cell-selection baseline26 frozen selector,"[2000,3000)","[2,2.5)",0,0,0,0.0,0,excluded,v5_cellsel_baseline26,,,
74,0,v5_cellsel_baseline26,excluded from v5 cell-selection baseline26 frozen selector,"[2000,3000)","[2.5,3)",0,0,0,0.0,0,excluded,v5_cellsel_baseline26,,,
75,0,v5_cellsel_baseline26,excluded from v5 cell-selection baseline26 frozen selector,"[2000,3000)","[3,3.25)",0,0,0,0.0,0,excluded,v5_cellsel_baseline26,,,
76,0,v5_cellsel_baseline26,excluded from v5 cell-selection baseline26 frozen selector,"[2000,3000)","[3.25,3.5)",0,0,0,0.0,0,excluded,v5_cellsel_baseline26,,,
77,0,v5_cellsel_baseline26,excluded from v5 cell-selection baseline26 frozen selector,"[2000,3000)","[3.5,3.75)",4,0,0,0.0005530208765380893,0,excluded,v5_cellsel_baseline26,,,
78,0,v5_cellsel_baseline26,excluded from v5 cell-selection baseline26 frozen selector,"[2000,3000)","[3.75,4.0)",156,1,0,0.021567814184985483,0,excluded,v5_cellsel_baseline26,,,
79,0,v5_cellsel_baseline26,excluded from v5 cell-selection baseline26 frozen selector,"[2000,3000)","[4.0,4.25)",1175,1,1,0.16244988248306375,0,excluded,v5_cellsel_baseline26,,,
80,0,v5_cellsel_baseline26,excluded from v5 cell-selection baseline26 frozen selector,"[2000,3000)","[4.25,4.5)",3127,1,1,0.4323240702336513,0,excluded,v5_cellsel_baseline26,,,
81,1,v5_cellsel_baseline26,v5 cell-selection baseline26 nominal reference matching current v4 baseline,"[2000,3000)","[4.5,4.75)",5515,1,1,0.7624775335268906,1,baseline26_fit,,,,
82,1,v5_cellsel_baseline26,v5 cell-selection baseline26 nominal reference matching current v4 baseline,"[2000,3000)","[4.75,5.0)",5332,1,1,0.7371768284252731,1,baseline26_fit,,,,
83,1,v5_cellsel_baseline26,v5 cell-selection baseline26 nominal reference matching current v4 baseline,"[2000,3000)","[5,6)",7233,1,1,1.0,1,baseline26_fit,,,,
84,0,v5_cellsel_baseline26,excluded from v5 cell-selection baseline26 frozen selector,"[2000,3000)",>=6,0,0,0,0.0,0,excluded,v5_cellsel_baseline26,,,
