cell_id,nhit_bin,predE_bin,input_files,events,logE_range_events,valid_events,positive_baseline_weight_events,sumw_baseline,effective_events,core_fit_events,core_fit_effective_events,core_fit_weight_fraction,tail_weight_fraction_above_core_fit,theta_missing_crab_probability_mass,sigma_deg,sigma_mc_weight_deg,sigma_unweighted_deg,sigma_full_rayleigh_deg,r_opt_deg,containment_r_opt,r68_deg,r90_deg,r95_deg,containment_warning,angle_check_warning
1,"[125,200)","[2,2.5)",10000,186591,175730,175589,150087,72135187.47286892,10049.355361417085,141540,36705.80001154325,0.7170133430905495,0.28298665690945046,0.0,0.4946882217858937,0.4579334622290628,0.45897620698275565,16.485073361667702,0.7816073904217121,0.5589009608674496,1.2875260078480695,47.496297923203976,54.82643756611293,True,False
2,"[125,200)","[2.5,3)",10000,418034,396379,395886,368423,167385411.96165752,69268.58736294089,337169,99475.3418262885,0.8299758433800194,0.1700241566199806,0.0,0.4564227809081985,0.4269896129443572,0.4284270426758366,11.813617714053565,0.7211479938349536,0.6565228976875297,0.7636242802610137,29.683864008021033,47.935066055160995,False,False
3,"[125,200)","[3,3.25)",9995,88759,82421,82183,80053,32219706.866939545,34633.86753570015,69371,31312.731257753596,0.8248316676320316,0.17516833236796836,0.0,0.4986199933179483,0.46216844622883735,0.4638533987991594,9.812391542612247,0.7878195894423584,0.6549341485205525,0.8450322051865932,21.64622024501489,37.03270353682216,False,False
4,"[125,200)","[3.25,3.5)",9850,42094,38376,38107,36897,14011004.529358866,22507.556981202684,29552,18335.215125978917,0.7681593648955478,0.2318406351044522,0.0,0.6729716014620204,0.596459314969197,0.5999610202759352,10.874594174446335,1.0632951303099925,0.5925980609540423,1.470243125358512,27.536465095038068,40.989597454583894,True,False
5,"[125,200)","[3.5,3.75)",9030,23611,22259,21914,20960,7457308.724844933,16216.690785256837,16568,12932.60663320651,0.7799219306072257,0.2200780693927743,0.0,0.8479682986568555,0.8202710884484922,0.82473357841297,9.200373668499822,1.3397899118778318,0.5713630657955354,1.820818413898164,18.992628211980723,33.17591446576408,True,False
6,"[125,200)","[3.75,4.0)",8088,16474,15638,15356,14674,4644073.524380684,10369.051061223825,10853,7806.188764327659,0.7155404432669092,0.28445955673309076,0.0,0.984156336139681,0.9909435603812975,0.9993613022761472,9.16207797641005,1.5549670111006961,0.5086243749451788,2.5782847447361736,19.00821987477573,32.66599425297998,True,False
7,"[125,200)","[4.0,4.25)",6653,11008,10591,10385,9950,2475058.1767406464,6353.677296794673,6491,4334.188522176225,0.6196134681591446,0.38038653184085536,0.0,1.1262566495201658,1.126047036632809,1.133853226574741,8.623850029967446,1.779485506241862,0.42438439990128984,3.675577585459972,17.460546627637964,29.09411974045358,True,False
8,"[125,200)","[4.25,4.5)",5057,7175,7049,6867,6608,1235968.0184764862,4029.7348993557252,3460,2354.0095903846436,0.48793975251944094,0.5120602474805591,0.0,1.2496883811251467,1.2453021243963711,1.250798912660134,8.564122932296167,1.974507642177732,0.3205785585629686,5.056134602025019,16.096137835588586,27.515239786056206,True,False
9,"[125,200)","[4.5,4.75)",4199,5325,5252,5121,4935,650706.2695846558,2498.914940455322,2056,1246.3473143515619,0.39496101830380564,0.6050389816961943,0.0,1.2932550080926757,1.3196058949848526,1.3305704618636913,7.391099390660206,2.0433429127864278,0.255362878498652,5.62265666113762,14.219635902735728,23.683759373021577,True,False
10,"[125,200)","[4.75,5.0)",3845,4880,4851,4778,4588,393488.1300840378,1882.9177183191018,1396,754.4995100009805,0.304272343110047,0.695727656889953,0.0,1.4031829688624915,1.3975120416179614,1.4029731918703048,7.99763302759536,2.2170290908027366,0.19331916333702362,6.401188909693278,12.614200247897712,19.85923527539218,True,False
11,"[125,200)","[5,6)",8411,19089,19076,18561,18144,542002.0551834106,3501.7868015638387,2780,921.7254678666535,0.17863309206343736,0.8213669079365626,0.0,1.433843066994312,1.4362096228917263,1.4532558003327247,6.10036694808778,2.2654720458510136,0.11356126055559604,7.574001050440404,11.657810122311194,14.54622562769414,True,False
12,"[125,200)",>=6,154,157,0,0,0,0.0,0.0,0,0.0,0.0,1.0,1.0,1.0,1.0,1.0,1.0,1.58,0.7129790300890827,1.5095921854516636,2.145966026289347,2.447746830680816,True,True
13,"[200,300)","[2,2.5)",8250,17965,17820,17815,14114,6913381.255083745,315.8463221777808,13888,1243.1684640506903,0.7465909895132641,0.2534090104867359,0.06235884770988026,0.40415445368519615,0.3630301420908537,0.36374017710000706,15.17579875687642,0.6385640368226099,0.5630002455669239,0.8840766951621843,46.037318292983,50.90354348990545,True,False
14,"[200,300)","[2.5,3)",10000,255726,250981,250877,225002,106544947.8385439,10947.62782614254,218435,29412.240521333562,0.8288178801371852,0.17118211986281484,0.0,0.350787608994381,0.31428930823737383,0.31491994174757715,13.150477683975948,0.5542444222111219,0.6497152733310415,0.5932814809268997,38.71220283764855,51.336269004815186,False,False
15,"[200,300)","[3,3.25)",10000,122642,118158,118044,114480,46072345.917634964,21172.244750206977,108468,26629.5394056838,0.8894264297444522,0.11057357025554782,0.0,0.34611909830415244,0.31824032614452924,0.3183879962864365,9.567945142651846,0.5468681753205609,0.7028691821618863,0.5222606927827262,6.40363619011822,36.029854111361686,False,False
16,"[200,300)","[3.25,3.5)",9964,55093,52452,52316,51540,19216262.547560696,16719.2887296052,47634,16157.610985516581,0.8489395771183239,0.1510604228816761,0.0,0.4612311255955477,0.3729926942548536,0.37414538268461367,9.47104885962498,0.7287451784409654,0.6853578214556817,0.7182450296693096,23.379952575407966,36.181109716720265,False,False
17,"[200,300)","[3.5,3.75)",9279,26172,24778,24607,23863,8386032.95913887,14886.743524397772,21451,13481.160353712294,0.8583019497191033,0.14169805028089666,0.0,0.6538428344546289,0.5445280046439336,0.548437911801524,9.728433709832334,1.0330716784383138,0.6527048784100599,1.1145181668538962,17.233098921994728,38.69216060272372,False,False
18,"[200,300)","[3.75,4.0)",8088,16631,16028,15866,15263,4775723.103061676,11114.670111042418,13617,10038.797156257713,0.8706509739211322,0.12934902607886778,0.0,0.823414183594493,0.7804842105916907,0.78553503663088,7.7508466379860295,1.3009944100792992,0.6388174762636298,1.440394608233308,4.7444590252195535,25.606615603197614,False,False
19,"[200,300)","[4.0,4.25)",7348,13247,12917,12772,12282,2967275.4996700287,7954.855840431752,10662,7262.661478461177,0.8220000790485954,0.1779999209514046,0.0,0.9659060433085505,0.9605104831735652,0.9702400586948571,7.047228853173742,1.5261315484275098,0.5858429269906048,1.877742617376771,5.66056387640746,19.865301296465102,True,False
20,"[200,300)","[4.25,4.5)",6334,10121,10008,9896,9622,1739903.8433780668,5603.582793004045,7815,4892.129898478942,0.766133901977105,0.23386609802289504,0.0,1.105849779818469,1.0824806772904252,1.0880921083118276,5.50893591345055,1.747242652113181,0.5253807287666231,2.4286266054431414,5.037863809242188,10.6612588562863,True,False
21,"[200,300)","[4.5,4.75)",5374,7811,7773,7653,7468,964771.9743490219,4190.6628519468495,5394,3449.2011154215215,0.6668468752703776,0.33315312472962244,0.0,1.2050460523543693,1.1927659096145815,1.196365579867354,4.499316102731955,1.9039727627199035,0.4463874729186635,3.0752413077732825,5.684366647207408,7.977383332132544,True,False
22,"[200,300)","[4.75,5.0)",4743,6480,6477,6352,6190,539460.1697158813,2855.085789678158,3480,1660.3814873171298,0.5432581260367965,0.45674187396320354,0.0,1.3366513944459115,1.3187385635266269,1.3233981106191346,3.2471085085702676,2.11190920322454,0.35407646174723845,3.8064121149733103,6.139024604564794,7.567824869004735,True,False
23,"[200,300)","[5,6)",9007,24254,24252,23599,23090,660705.8319129944,5613.963249852786,5748,1804.952676424965,0.31330055412036567,0.6866994458796343,0.0,1.4394778385111644,1.4248402350209224,1.4466472660965521,3.9998164477380618,2.27437498484764,0.1962374840976959,5.591947065832041,8.520772581189945,10.172299269377962,True,False
24,"[200,300)",>=6,201,203,0,0,0,0.0,0.0,0,0.0,0.0,1.0,1.0,1.0,1.0,1.0,1.0,1.58,0.7129790300890827,1.5095921854516636,2.145966026289347,2.447746830680816,True,True
25,"[300,500)","[2,2.5)",221,227,0,0,0,0.0,0.0,0,0.0,0.0,1.0,1.0,1.0,1.0,1.0,1.0,1.58,0.7129790300890827,1.5095921854516636,2.145966026289347,2.447746830680816,True,True
26,"[300,500)","[2.5,3)",9996,80182,79711,79697,67052,32965093.20682609,807.0895610866775,66448,3792.7285954926433,0.7814918106033016,0.21850818939669836,0.020829609891627538,0.26671590148372154,0.24933763111740723,0.2492107955204902,14.682669088713984,0.42141112434428,0.5843835633911358,0.5243837184314291,43.0588565913167,52.019402943983884,True,False
27,"[300,500)","[3,3.25)",10000,151506,149416,149370,137085,57652938.92592143,4796.24503426343,134356,15669.358988859383,0.8351318832622502,0.16486811673774981,0.0,0.2506925644004648,0.23727332210184637,0.2368408697706515,13.751768824053073,0.3960942517527343,0.6196183744876244,0.4464733044577372,42.43579147868897,53.36947012984908,False,False
28,"[300,500)","[3.25,3.5)",10000,112141,109549,109489,106570,40027315.04636859,11407.744140751092,103421,15861.435675403605,0.9149429523042844,0.08505704769571565,0.0,0.2630475256256551,0.24395920978013097,0.24376375251977217,9.426443949120632,0.41561509048853507,0.7103378415602245,0.39468575094079306,0.8537484158190003,35.14042168962255,False,False
29,"[300,500)","[3.5,3.75)",9881,46983,45651,45615,45173,15574731.235473633,10705.438977583095,43401,11041.473153644009,0.8767155050460388,0.12328449495396121,0.0,0.4099663378372054,0.284940855462373,0.28582003382576565,9.251575293079718,0.6477468137827845,0.7223257577318322,0.5592714997406719,21.34994304143617,38.27043999541085,False,False
30,"[300,500)","[3.75,4.0)",8738,20906,20237,20181,19752,6152456.981354713,8443.19975964649,18873,8242.36651367582,0.8937891014638026,0.10621089853619736,0.0,0.6266281049504723,0.43838289575100525,0.44677884780701277,9.388499297036203,0.9900724058217462,0.6642460197654501,1.0288724989950395,5.4401164358196015,38.14873678298582,False,False
31,"[300,500)","[4.0,4.25)",7370,13417,13167,13094,12654,2993186.221405983,7809.321190273408,12147,7841.398697335993,0.9236817935211599,0.07631820647884013,0.0,0.7935617844410522,0.7038442634649235,0.715563326398548,7.20647850956403,1.2538276194168625,0.6733294402250637,1.270650806559935,2.452405134781049,6.221575079828984,False,False
32,"[300,500)","[4.25,4.5)",6796,11186,11067,11034,10699,1935075.715891838,6116.161537736407,10098,6344.893997669095,0.90039732329825,0.09960267670175005,0.0,0.9151206146242019,0.8919774527064844,0.8958949281980647,6.955799689706319,1.445890571106239,0.6463560319490963,1.5440718253190382,2.9893915117530643,4.942394052090325,False,False
33,"[300,500)","[4.5,4.75)",6278,10057,10026,9972,9731,1275358.5352220535,4610.505212311737,8940,4437.000782058914,0.8817165510070699,0.11828344899293008,0.0,1.0422564072586769,1.000322309457284,1.0039174289733732,4.205993818446792,1.6467651234687095,0.6165552428879433,1.86595905772011,3.207047175562749,4.185934547326162,False,False
34,"[300,500)","[4.75,5.0)",5654,8426,8419,8323,8099,766810.0389614105,3890.2882254975993,6816,3417.846422691672,0.8006000043860476,0.19939999561395239,0.0,1.157105053896875,1.1175404804278484,1.119731050033719,2.355166935885606,1.8282259851570624,0.5390918517900926,2.3263978255372617,3.9900205863120806,4.968276200250443,True,False
35,"[300,500)","[5,6)",9611,34776,34776,34032,33335,942977.615764618,8194.47967347993,14139,4265.006594378669,0.5236374474747503,0.4763625525252497,0.0,1.3199420216645752,1.3163819613501295,1.3611731896901533,2.8823207875763495,2.085508394230029,0.3362881584531523,4.028210921886615,6.430985778724991,7.674979700240836,True,False
36,"[300,500)",>=6,421,433,0,0,0,0.0,0.0,0,0.0,0.0,1.0,1.0,1.0,1.0,1.0,1.0,1.58,0.7129790300890827,1.5095921854516636,2.145966026289347,2.447746830680816,True,True
37,"[500,800)","[2,2.5)",0,0,0,0,0,0.0,0.0,0,0.0,0.0,1.0,1.0,1.0,1.0,1.0,1.0,1.58,0.7129790300890827,1.5095921854516636,2.145966026289347,2.447746830680816,True,True
38,"[500,800)","[2.5,3)",871,913,0,0,0,0.0,0.0,0,0.0,0.0,1.0,1.0,1.0,1.0,1.0,1.0,1.58,0.7129790300890827,1.5095921854516636,2.145966026289347,2.447746830680816,True,True
39,"[500,800)","[3,3.25)",9340,27769,0,0,0,0.0,0.0,0,0.0,0.0,1.0,1.0,1.0,1.0,1.0,1.0,1.58,0.7129790300890827,1.5095921854516636,2.145966026289347,2.447746830680816,True,True
40,"[500,800)","[3.25,3.5)",10000,89513,89007,88998,81229,31914320.715462685,740.4660309063212,80614,7463.49485073808,0.8023279087945407,0.19767209120545925,0.0,0.19667968990530443,0.18607003403981984,0.18586369443684247,13.698130423495186,0.310753910050381,0.5905650475161462,0.373915031643206,40.619807876794944,50.74142510828612,True,False
41,"[500,800)","[3.5,3.75)",9987,68604,67868,67855,65877,22783726.846223835,2505.229096623255,64964,5438.590294309848,0.9240574826170272,0.07594251738297275,0.0,0.2058570232365415,0.19409238512063764,0.19358557232794898,10.01595535198334,0.3252540967137356,0.703045207609005,0.31295713895283106,0.5386852432157876,37.10074942538234,False,False
42,"[500,800)","[3.75,4.0)",9288,26703,26014,25987,25748,8006853.4477329245,4809.241979942971,24818,5104.414183661933,0.8590250698869538,0.14097493011304618,0.0,0.3374269585402776,0.2232460752253421,0.22547639949385445,9.18495112765726,0.5331345944936386,0.7524763944030628,0.40821590135055347,22.84176650076658,36.122352899179006,False,False
43,"[500,800)","[4.0,4.25)",6502,10601,10511,10475,10348,2444997.9067602158,2826.152076636005,10189,3015.7989999950164,0.9171149433741005,0.08288505662589951,0.0,0.6165074675735863,0.34755619264465476,0.359988993867482,7.950455370644786,0.9740817987662665,0.6689861993630476,0.99646469543729,2.145842347251235,31.47564900322744,False,False
44,"[500,800)","[4.25,4.5)",4077,5257,5228,5174,5047,877922.6724357605,2576.8634558362482,4978,2667.3425497389358,0.9637484548908166,0.03625154510918338,0.0,0.7489218593186553,0.6368893699371831,0.6528189732954452,4.54517240354434,1.1832965377234754,0.6910998113082539,1.1676951945089662,1.8311432340194178,2.3375489594843235,False,False
45,"[500,800)","[4.5,4.75)",3990,5154,5136,5127,4988,615911.4206571579,2671.3033772328754,4864,2725.954009405811,0.9482906095154868,0.051709390484513174,0.0,0.8856685436165329,0.8395577324560933,0.8402306810197637,3.384420878512724,1.399356298914122,0.6936807593011836,1.371416944439574,2.3077850884480235,3.050556978044051,False,False
46,"[500,800)","[4.75,5.0)",4136,5397,5395,5365,5220,460710.27721500397,2483.0458022414577,4976,2403.734566980542,0.930868695354653,0.069131304645347,0.0,0.980420393241989,0.9435942755862939,0.9384617009934928,1.3273574699279715,1.549064221322343,0.6524077769981995,1.621307642713998,2.6064234088714655,3.31747473082255,False,False
47,"[500,800)","[5,6)",9301,27712,27712,27208,26726,659200.5101251601,5897.15030964967,18133,4513.818893185129,0.7529212955939095,0.24707870440609048,0.0,1.1779508147971354,1.1645074561548734,1.2443750204163637,1.9978026372362745,1.8611622873794738,0.5099676843907855,2.5681527186160933,4.416509686034747,5.450727076555012,True,False
48,"[500,800)",>=6,415,426,0,0,0,0.0,0.0,0,0.0,0.0,1.0,1.0,1.0,1.0,1.0,1.0,1.58,0.7129790300890827,1.5095921854516636,2.145966026289347,2.447746830680816,True,True
49,"[800,1100)","[2,2.5)",0,0,0,0,0,0.0,0.0,0,0.0,0.0,1.0,1.0,1.0,1.0,1.0,1.0,1.58,0.7129790300890827,1.5095921854516636,2.145966026289347,2.447746830680816,True,True
50,"[800,1100)","[2.5,3)",5,5,0,0,0,0.0,0.0,0,0.0,0.0,1.0,1.0,1.0,1.0,1.0,1.0,1.58,0.7129790300890827,1.5095921854516636,2.145966026289347,2.447746830680816,True,True
51,"[800,1100)","[3,3.25)",1034,1093,0,0,0,0.0,0.0,0,0.0,0.0,1.0,1.0,1.0,1.0,1.0,1.0,1.58,0.7129790300890827,1.5095921854516636,2.145966026289347,2.447746830680816,True,True
52,"[800,1100)","[3.25,3.5)",7898,15783,0,0,0,0.0,0.0,0,0.0,0.0,1.0,1.0,1.0,1.0,1.0,1.0,1.58,0.7129790300890827,1.5095921854516636,2.145966026289347,2.447746830680816,True,True
53,"[800,1100)","[3.5,3.75)",9593,32787,32730,32730,30250,9720763.312171731,771.7455751122898,30175,3873.957978438181,0.9394538222811326,0.06054617771886739,0.08309097112775603,0.16596980173729312,0.15708381723868473,0.15709471464658,8.257045357210714,0.26223228674492316,0.6843350091427464,0.2603228533552706,0.4100767685512975,41.10384956506009,False,False
54,"[800,1100)","[3.75,4.0)",8931,22615,22352,22350,21756,6552717.878257752,1898.8057234003923,21454,2280.1230609646113,0.9540501156767416,0.045949884323258416,0.0,0.18793147945922548,0.17063121612648022,0.1718537662425545,6.121877615121737,0.2969317375455763,0.7769456255176317,0.25451466949832424,0.3961110239941508,1.3845353150429196,False,False
55,"[800,1100)","[4.0,4.25)",5879,9020,8912,8901,8827,2025551.7703781128,1581.0003966599822,8726,1703.5514488817696,0.9392550211193151,0.06074497888068486,0.0,0.3253826098095135,0.19774704086422754,0.19949221767910152,6.0349707261594805,0.5141045234990315,0.8465465217478706,0.2947188268918551,1.250949895561966,15.953677559202411,True,False
56,"[800,1100)","[4.25,4.5)",2450,2841,2820,2804,2777,474869.18254852295,346.3034325686149,2749,756.8842398682173,0.8642735991511483,0.13572640084885168,0.0,0.6241736586524682,0.3158322055488418,0.35373391933003634,6.9788745907818885,0.9861943806708998,0.6259237387984802,1.1327656101182275,10.882487607486068,27.356039494536223,False,False
57,"[800,1100)","[4.5,4.75)",1212,1287,1287,1279,1247,135384.8256444931,518.0958438246689,1233,510.8052600765076,0.9752257542091162,0.02477424579088383,0.0,0.7813071691053547,0.652135075964467,0.6896678153121446,3.23728543665546,1.2344653271864603,0.7004962196761307,1.187880579518099,1.9313028875624483,2.235868775757467,False,False
58,"[800,1100)","[4.75,5.0)",1373,1482,1482,1479,1451,87549.98401069641,508.5836817698348,1399,549.2183065152439,0.9105470875376349,0.08945291246236509,0.0,0.9307801516386698,0.8781073906781866,0.8807060563003981,4.1400449606254766,1.4706326395890983,0.6651483888136205,1.5074727864865942,2.825779814437412,4.240031445569408,False,False
59,"[800,1100)","[5,6)",5467,8235,8235,8083,7978,147658.02135562897,1700.5540137115497,6617,1526.6159002547095,0.8377115599528387,0.16228844004716125,0.0,1.1093565086940533,1.0690771121294762,1.146999024171925,1.7032280161837452,1.7527832837366044,0.5799309613082366,2.1212793053260306,3.731216361733481,4.881062069407632,True,False
60,"[800,1100)",>=6,71,71,0,0,0,0.0,0.0,0,0.0,0.0,1.0,1.0,1.0,1.0,1.0,1.0,1.58,0.7129790300890827,1.5095921854516636,2.145966026289347,2.447746830680816,True,True
61,"[1100,2000)","[2,2.5)",0,0,0,0,0,0.0,0.0,0,0.0,0.0,1.0,1.0,1.0,1.0,1.0,1.0,1.58,0.7129790300890827,1.5095921854516636,2.145966026289347,2.447746830680816,True,True
62,"[1100,2000)","[2.5,3)",0,0,0,0,0,0.0,0.0,0,0.0,0.0,1.0,1.0,1.0,1.0,1.0,1.0,1.58,0.7129790300890827,1.5095921854516636,2.145966026289347,2.447746830680816,True,True
63,"[1100,2000)","[3,3.25)",16,16,0,0,0,0.0,0.0,0,0.0,0.0,1.0,1.0,1.0,1.0,1.0,1.0,1.58,0.7129790300890827,1.5095921854516636,2.145966026289347,2.447746830680816,True,True
64,"[1100,2000)","[3.25,3.5)",1453,1565,0,0,0,0.0,0.0,0,0.0,0.0,1.0,1.0,1.0,1.0,1.0,1.0,1.58,0.7129790300890827,1.5095921854516636,2.145966026289347,2.447746830680816,True,True
65,"[1100,2000)","[3.5,3.75)",6624,10960,0,0,0,0.0,0.0,0,0.0,0.0,1.0,1.0,1.0,1.0,1.0,1.0,1.58,0.7129790300890827,1.5095921854516636,2.145966026289347,2.447746830680816,True,True
66,"[1100,2000)","[3.75,4.0)",9047,23726,23680,23680,22083,5618031.914395414,994.2424408375106,22037,1235.236506999723,0.9825379264713318,0.017462073528668243,0.06239134320113085,0.13748655442315263,0.13374986451743948,0.13339055914067946,3.6201926855024804,0.21722875598858116,0.7136972272159209,0.20665187711035754,0.31004459471692547,0.3531238173442495,False,False
67,"[1100,2000)","[4.0,4.25)",9053,23998,23913,23910,22865,4772373.0585279465,1111.664936728985,22748,2819.3284467680505,0.9510090099111354,0.04899099008886465,0.0,0.14709159317501042,0.14283578256582227,0.1397822541316011,6.654142958594216,0.23240471721651643,0.7426062698757154,0.2090586247277141,0.33048645618575845,1.422548686509028,False,False
68,"[1100,2000)","[4.25,4.5)",7320,13380,13313,13311,13076,2242872.910873413,4260.2778999313,12992,4295.159354733951,0.9785293817001623,0.02147061829983765,0.0,0.1850850177649825,0.15546076962237174,0.15379758882974542,3.4548601919038044,0.29243432806867237,0.8714531932181706,0.20760113281253545,0.3154477067148893,0.39993354288947086,True,False
69,"[1100,2000)","[4.5,4.75)",4265,5650,5590,5582,5557,706003.1343078613,556.9099524217304,5466,559.9262407103619,0.8652096136662681,0.13479038633373186,0.0,0.3536027467384327,0.17679208747200217,0.17411966361035552,8.808602862620807,0.5586923398467237,0.799170672437716,0.2627982913432029,19.196061316022515,36.285088679933416,False,False
70,"[1100,2000)","[4.75,5.0)",1484,1641,0,0,0,0.0,0.0,0,0.0,0.0,1.0,1.0,1.0,1.0,1.0,1.0,1.58,0.7129790300890827,1.5095921854516636,2.145966026289347,2.447746830680816,True,True
71,"[1100,2000)","[5,6)",859,910,0,0,0,0.0,0.0,0,0.0,0.0,1.0,1.0,1.0,1.0,1.0,1.0,1.58,0.7129790300890827,1.5095921854516636,2.145966026289347,2.447746830680816,True,True
72,"[1100,2000)",>=6,4,4,0,0,0,0.0,0.0,0,0.0,0.0,1.0,1.0,1.0,1.0,1.0,1.0,1.58,0.7129790300890827,1.5095921854516636,2.145966026289347,2.447746830680816,True,True
73,"[2000,3000)","[2,2.5)",0,0,0,0,0,0.0,0.0,0,0.0,0.0,1.0,1.0,1.0,1.0,1.0,1.0,1.58,0.7129790300890827,1.5095921854516636,2.145966026289347,2.447746830680816,True,True
74,"[2000,3000)","[2.5,3)",0,0,0,0,0,0.0,0.0,0,0.0,0.0,1.0,1.0,1.0,1.0,1.0,1.0,1.58,0.7129790300890827,1.5095921854516636,2.145966026289347,2.447746830680816,True,True
75,"[2000,3000)","[3,3.25)",0,0,0,0,0,0.0,0.0,0,0.0,0.0,1.0,1.0,1.0,1.0,1.0,1.0,1.58,0.7129790300890827,1.5095921854516636,2.145966026289347,2.447746830680816,True,True
76,"[2000,3000)","[3.25,3.5)",0,0,0,0,0,0.0,0.0,0,0.0,0.0,1.0,1.0,1.0,1.0,1.0,1.0,1.58,0.7129790300890827,1.5095921854516636,2.145966026289347,2.447746830680816,True,True
77,"[2000,3000)","[3.5,3.75)",4,4,0,0,0,0.0,0.0,0,0.0,0.0,1.0,1.0,1.0,1.0,1.0,1.0,1.58,0.7129790300890827,1.5095921854516636,2.145966026289347,2.447746830680816,True,True
78,"[2000,3000)","[3.75,4.0)",154,156,0,0,0,0.0,0.0,0,0.0,0.0,1.0,1.0,1.0,1.0,1.0,1.0,1.58,0.7129790300890827,1.5095921854516636,2.145966026289347,2.447746830680816,True,True
79,"[2000,3000)","[4.0,4.25)",1105,1175,0,0,0,0.0,0.0,0,0.0,0.0,1.0,1.0,1.0,1.0,1.0,1.0,1.58,0.7129790300890827,1.5095921854516636,2.145966026289347,2.447746830680816,True,True
80,"[2000,3000)","[4.25,4.5)",2660,3127,0,0,0,0.0,0.0,0,0.0,0.0,1.0,1.0,1.0,1.0,1.0,1.0,1.58,0.7129790300890827,1.5095921854516636,2.145966026289347,2.447746830680816,True,True
81,"[2000,3000)","[4.5,4.75)",4207,5515,5515,5515,5203,515967.4581751219,797.555552389507,5203,797.555552389507,1.0,0.0,0.0415942288007539,0.12809519320236276,0.1280603714266636,0.1304156681603563,0.12809519320236276,0.2023904052597332,0.7595101154427377,0.17852804263184557,0.26654648220145133,0.3073712942697733,False,False
82,"[2000,3000)","[4.75,5.0)",4045,5332,5332,5331,5241,374241.1591320038,1604.31305981463,5240,1621.2623499728547,0.9967582424308706,0.0032417575691293665,0.0,0.16202151533592293,0.14464047013921488,0.147473777489521,1.0380611171344603,0.2559939942307582,0.810208465567508,0.20676361828163084,0.31604017554613595,0.3777865266300613,False,False
83,"[2000,3000)","[5,6)",5026,7233,7203,7185,7177,228443.5199995041,225.71485326658728,7146,698.6009351813428,0.8353809751623187,0.16461902483768132,0.0,0.19199722192908092,0.16468128411233,0.16650338891775046,9.363817674087386,0.30335561064794786,0.7039083275330106,0.294725563434987,24.438805486802895,33.208860554515034,False,False
84,"[2000,3000)",>=6,0,0,0,0,0,0.0,0.0,0,0.0,0.0,1.0,1.0,1.0,1.0,1.0,1.0,1.58,0.7129790300890827,1.5095921854516636,2.145966026289347,2.447746830680816,True,True
