cell_id,nhit_bin,predE_bin,included_in_final_sed_fit,source,events,fit_status,fit_error,conditional_core_fraction,physical_core_fraction,sigma_core_deg,gamma_core,sigma_tail_deg,gamma_tail,conditional_r_target_deg,rayleigh_sigma_deg,original_r_opt_deg,rayleigh_kl_divergence,double_king_kl_divergence,kl_improvement_factor,optimizer_success,optimizer_message,boundary_flags
1,"[100,200)","[2,2.5)",True,formal,355123,ok,,0.9618937101005702,0.6644851176649721,0.36110137530405867,3.9478971020745175,1.6989230639236437,1.05,0.770641901791885,0.5399901866912842,0.8531844615936279,2.1248313356018738,,1461.935270019329,True,CONVERGENCE: RELATIVE REDUCTION OF F <= FACTR*EPSMCH,gamma_tail
2,"[100,200)","[2.5,3)",True,formal,570475,ok,,0.9590220831520455,0.698052172247899,0.32203552431323473,4.246955320314192,1.3035947104411003,1.05,0.6739951156566371,0.4830918610095978,0.7632851600646973,4.460743580190014,,5514.177525853273,True,CONVERGENCE: RELATIVE REDUCTION OF F <= FACTR*EPSMCH,gamma_tail
3,"[100,200)","[3,3.25)",True,formal,119345,ok,,0.9623850828168419,0.6704255165182698,0.30938703422735814,3.3111751471411854,1.675344358532654,1.05,0.7064472985249608,0.5123275518417358,0.8094775080680847,3.75032411743018,,1410.0832855186466,True,CONVERGENCE: RELATIVE REDUCTION OF F <= FACTR*EPSMCH,gamma_tail
4,"[100,200)","[3.25,3.5)",True,formal,54366,ok,,0.9939799603296257,0.23906972750422387,0.3520445903257341,2.1897042555468897,17.6022295162867,1.050000096890718,0.9961484976316421,0.6858871579170227,1.0837016105651855,0.34213247334259467,,124.30311963270331,True,CONVERGENCE: RELATIVE REDUCTION OF F <= FACTR*EPSMCH,sigma_ratio;gamma_tail
5,"[100,200)","[3.5,3.75)",True,formal,30637,ok,,0.14287219511382634,0.14053066235465003,0.3337556596291721,99.99999999999999,0.6003941887668924,2.4584347865838714,1.3734001975544325,0.8448566794395447,1.3348735570907593,0.24733557200841974,,92.01446252955739,True,CONVERGENCE: RELATIVE REDUCTION OF F <= FACTR*EPSMCH,gamma_core
6,"[100,200)","[3.75,4.0)",True,formal,19553,ok,,0.13946793799780985,0.13352392468746108,0.40084581746959336,99.99999999999999,0.8031855641005826,2.35559122142067,1.8265041998096676,0.9930925369262695,1.5690861940383911,0.25673385429716283,,64.55356943367953,True,CONVERGENCE: RELATIVE REDUCTION OF F <= FACTR*EPSMCH,gamma_core
7,"[100,200)","[4.0,4.25)",False,formal,13002,ok,,0.037597082921166924,0.03203770921271036,0.3390421316592138,99.99999999999999,0.877898950008883,1.8189679634683977,2.37467470585453,1.1287057399749756,1.7833549976348877,0.31858528539469644,,49.154913491023166,True,CONVERGENCE: RELATIVE REDUCTION OF F <= FACTR*EPSMCH,gamma_core
8,"[100,200)","[4.25,4.5)",False,formal,9017,ok,,0.10453101168942046,0.08282507502412037,0.646552494480491,99.99999999999999,1.5043174410895654,2.1752422141793146,2.953836708678882,1.2385355234146118,1.9568861722946167,0.42852177826317894,,38.229689069502236,True,CONVERGENCE: RELATIVE REDUCTION OF F <= FACTR*EPSMCH,gamma_core
9,"[100,200)","[4.5,4.75)",False,formal,7232,ok,,0.9129342272395646,0.1843879035769417,1.1628862509985094,1.081711214394301,55.07990208185303,8.529300000976534,3.4400359415700437,1.3120602369308472,2.0730550289154053,0.6211650218824337,,34.333742571179066,True,CONVERGENCE: RELATIVE REDUCTION OF F <= FACTR*EPSMCH,
10,"[100,200)","[4.75,5.0)",False,formal,6518,ok,,0.426700079125075,0.06801075107008346,1.6856078546957405,99.99999999999999,10.977771134416512,52.802974299234386,3.6995230739549534,1.3739988803863525,2.1709182262420654,0.7263046946998271,,21.438788368312377,True,CONVERGENCE: RELATIVE REDUCTION OF F <= FACTR*EPSMCH,gamma_core
11,"[100,200)","[5,5.5)",False,formal,13418,ok,,0.03626508921859839,0.01825774236108845,0.9981267120548418,99.99999999999999,4.25350272266767,99.99999999959797,3.951263531901007,1.424324631690979,2.2504329681396484,0.8914115204485672,,27.6910684944304,True,CONVERGENCE: RELATIVE REDUCTION OF F <= FACTR*EPSMCH,gamma_core;gamma_tail
12,"[100,200)","[5.5,6)",False,formal,11489,ok,,0.00900648413039619,0.00014394156174042403,0.11250396663291737,99.99999999999999,5.625198331645867,1.05,4.108192970237574,1.483755111694336,2.3443329334259033,1.0594275018190173,,16.177961250416747,True,CONVERGENCE: RELATIVE REDUCTION OF F <= FACTR*EPSMCH,sigma_ratio;gamma_core;gamma_tail
13,"[100,200)",>=6,False,unfiltered_diagnostic,173,ok,,0.0009110511944006454,8.134054504280458e-07,2.0,1.05,99.99999999999999,1.05,4.221210872230112,1.6133440732955933,2.549083709716797,2.5402803490208106,,1.7973648178329626,True,CONVERGENCE: NORM OF PROJECTED GRADIENT <= PGTOL,conditional_core_fraction;sigma_core;sigma_ratio;gamma_core;gamma_tail
14,"[200,300)","[2,2.5)",False,formal,14538,ok,,0.9872223627589942,0.14827761900288397,0.32122333345963777,6.675870314106416,16.061166672981887,1.05,0.5904056234486387,0.39428216218948364,0.6229658126831055,5.626567309343603,,199.0963054898819,True,CONVERGENCE: RELATIVE REDUCTION OF F <= FACTR*EPSMCH,sigma_ratio;gamma_tail
15,"[200,300)","[2.5,3)",True,formal,230381,ok,,0.9815699328699266,0.1507303865867927,0.26262974922956783,5.733375955006158,13.13148746147839,1.05,0.4989350618723641,0.3476797044277191,0.549333930015564,7.633323872203512,,1081.4851517154493,True,CONVERGENCE: RELATIVE REDUCTION OF F <= FACTR*EPSMCH,sigma_ratio;gamma_tail
16,"[200,300)","[3,3.25)",True,formal,138621,ok,,0.9800201924263112,0.5916341684997741,0.2510791831543642,5.504780129937187,3.8068923367011305,1.05,0.4816857550724242,0.34006282687187195,0.5372992753982544,7.8493738366767225,,1014.1581272011279,True,CONVERGENCE: RELATIVE REDUCTION OF F <= FACTR*EPSMCH,gamma_tail
17,"[200,300)","[3.25,3.5)",True,formal,64290,ok,,0.9473737072568124,0.7955254613476602,0.24747631963722994,3.5150993774671693,0.3034362729400124,1.05,0.5529695624574983,0.4160386025905609,0.657340943813324,5.242691416100629,,856.509617247545,True,CONVERGENCE: RELATIVE REDUCTION OF F <= FACTR*EPSMCH,gamma_tail
18,"[200,300)","[3.5,3.75)",True,formal,28446,ok,,0.8203343276263709,0.8214257733085301,0.2846520084744389,2.143817057577801,0.7494778928155278,99.99999999999999,0.9073688215655283,0.6282466053962708,0.9926295876502991,0.27107588811868855,,54.87798830861812,True,CONVERGENCE: RELATIVE REDUCTION OF F <= FACTR*EPSMCH,gamma_tail
19,"[200,300)","[3.75,4.0)",True,formal,17909,ok,,0.5557609698813404,0.5655183118340664,0.2869526117945149,1.7233979502993573,0.8751235124824143,16.61784015939675,1.2880605494096862,0.8105365633964539,1.2806477546691895,0.18432997355672903,,44.755694706631516,True,CONVERGENCE: RELATIVE REDUCTION OF F <= FACTR*EPSMCH,
20,"[200,300)","[4.0,4.25)",True,formal,13851,ok,,0.08810227771217344,0.08635181496359197,0.29668083313276333,99.99999999999999,0.7561609256149986,2.745686135541206,1.6700922807699636,0.9602524638175964,1.517198920249939,0.1895905471992528,,30.369698656631037,True,CONVERGENCE: RELATIVE REDUCTION OF F <= FACTR*EPSMCH,gamma_core
21,"[200,300)","[4.25,4.5)",True,formal,10301,ok,,0.800198001414719,0.8081546471908316,0.7235082324214921,1.9901114321052562,1.8723565197326406,99.99999999999999,2.230304458778314,1.1043256521224976,1.744834542274475,0.26176694948881546,,25.108978829608358,True,CONVERGENCE: RELATIVE REDUCTION OF F <= FACTR*EPSMCH,gamma_tail
22,"[200,300)","[4.5,4.75)",False,formal,8295,ok,,0.7231098608770775,0.8783862717222026,0.8218599350452044,1.1570159940518585,1.5586086322248303,99.99999999999999,2.7845888504618346,1.231553316116333,1.9458543062210083,0.3564772410188631,,28.394492305254765,True,CONVERGENCE: RELATIVE REDUCTION OF F <= FACTR*EPSMCH,gamma_tail
23,"[200,300)","[4.75,5.0)",False,formal,6791,ok,,0.001981065926777022,0.001029698750833988,0.04570285011793118,99.99999999999999,1.5286005216646916,1.4787707840352455,3.350422741815306,1.3379350900650024,2.1139373779296875,0.5199850619695625,,24.596905460281874,True,CONVERGENCE: RELATIVE REDUCTION OF F <= FACTR*EPSMCH,conditional_core_fraction;gamma_core
24,"[200,300)","[5,5.5)",False,formal,13199,ok,,0.0016637058414577307,0.0005333815378907285,0.09035699909995051,99.99999999999999,2.7539800116767728,1.5274059196195269,3.8327874430697526,1.4426970481872559,2.27946138381958,0.7185028292627186,,47.68278206434657,True,CONVERGENCE: RELATIVE REDUCTION OF F <= FACTR*EPSMCH,conditional_core_fraction;gamma_core
25,"[200,300)","[5.5,6)",False,unfiltered_diagnostic,9591,ok,,0.05533877181633793,0.0020481635696532195,1.4748204214815057,99.9999998606765,9.651349548144609,1.3837484898044847,4.133906706037337,1.456707239151001,2.3015973567962646,1.0394813333914161,,33.675288404717826,True,CONVERGENCE: RELATIVE REDUCTION OF F <= FACTR*EPSMCH,gamma_core
26,"[200,300)",>=6,False,unfiltered_diagnostic,132,ok,,0.05931442779047929,9.862066274689926e-05,0.44750987211147175,99.99999999999999,22.375493605573585,1.067726536016345,4.160109230655675,1.3048877716064453,2.061722755432129,3.579909836383848,,2.407454502496904,True,CONVERGENCE: RELATIVE REDUCTION OF F <= FACTR*EPSMCH,sigma_ratio;gamma_core
27,"[300,500)","[2,2.5)",False,unfiltered_diagnostic,193,ok,,0.09343572785637036,0.10061049881608544,0.07638785893660123,1.3448064929132901,0.2975192123057737,99.99999999999999,0.4773399600965608,0.31447911262512207,0.4968770146369934,3.8861402932323803,,35.20566855873134,True,CONVERGENCE: RELATIVE REDUCTION OF F <= FACTR*EPSMCH,gamma_tail
28,"[300,500)","[2.5,3)",True,formal,58673,ok,,0.9811543356098015,0.17001977815416638,0.24092255564591517,10.213439784125383,12.046127782295757,1.0500000000410328,0.42327516159114204,0.2783496379852295,0.4397924244403839,11.01793696121852,,242.2591541508398,True,CONVERGENCE: RELATIVE REDUCTION OF F <= FACTR*EPSMCH,sigma_ratio;gamma_tail
29,"[300,500)","[3,3.25)",True,formal,141726,ok,,0.9918101698418657,0.368802416504539,0.2165340802012175,8.695383319111958,10.826704010060874,1.05,0.38229985320676446,0.25884607434272766,0.40897679328918457,4.649738020436038,,325.4158460109756,False,ABNORMAL: ,sigma_ratio;gamma_tail
30,"[300,500)","[3.25,3.5)",True,formal,131613,ok,,0.018939141902097924,0.02433768802182977,0.18658611785736276,1.262983784965444,0.20953184175808381,8.37692746263832,0.37290988512647877,0.25605058670043945,0.4045599400997162,1.9673680770475934,,333.47210010853377,True,CONVERGENCE: RELATIVE REDUCTION OF F <= FACTR*EPSMCH,
31,"[300,500)","[3.5,3.75)",True,formal,55871,ok,,0.7994853707548113,0.7993828559855093,0.2200838498688775,99.99999999999999,0.37877497720479775,3.20252454218727,0.40793449714909275,0.32284247875213623,0.5100911259651184,1.171198288767573,,235.47701577836605,True,CONVERGENCE: RELATIVE REDUCTION OF F <= FACTR*EPSMCH,gamma_core
32,"[300,500)","[3.75,4.0)",True,formal,22548,ok,,0.3480177528307267,0.34792028164599503,0.22839986656765945,99.99999999999999,0.5724309269533134,4.4242938223620705,0.8862331097184045,0.6029133796691895,0.9526031613349915,0.23962129587612435,,16.101119298491806,True,CONVERGENCE: RELATIVE REDUCTION OF F <= FACTR*EPSMCH,gamma_core
33,"[300,500)","[4.0,4.25)",True,formal,15896,ok,,0.13541473393602277,0.13511890032229562,0.23049316922793023,99.99999999999999,0.6582928539462459,3.772858266535518,1.2601635029376244,0.7961710691452026,1.2579503059387207,0.1495385867316294,,19.161882253519718,True,CONVERGENCE: RELATIVE REDUCTION OF F <= FACTR*EPSMCH,gamma_core
34,"[300,500)","[4.25,4.5)",True,formal,12400,ok,,0.08606545606556425,0.0852298937674238,0.28781212716577187,99.99999999999999,0.7649354045880591,3.243184749691591,1.5812782464342232,0.932671070098877,1.4736202955245972,0.14874962854205362,,18.09532012221519,True,CONVERGENCE: RELATIVE REDUCTION OF F <= FACTR*EPSMCH,gamma_core
35,"[300,500)","[4.5,4.75)",False,formal,10742,ok,,0.4764009749089662,0.5839544449485541,0.45951964798586625,1.2703322393770784,1.2107197991324925,99.99999999999999,2.0135717516951597,1.0784484148025513,1.7039483785629272,0.1810203164365573,,16.06223180193031,True,CONVERGENCE: RELATIVE REDUCTION OF F <= FACTR*EPSMCH,gamma_tail
36,"[300,500)","[4.75,5.0)",False,formal,8785,ok,,0.1443562903255651,0.1478404631611723,0.4732769960134366,1.5902814302178645,1.3113441131641346,2.8555510925907317,2.6080684514793915,1.208764672279358,1.9098480939865112,0.2822780983245174,,19.95946501742418,True,CONVERGENCE: RELATIVE REDUCTION OF F <= FACTR*EPSMCH,
37,"[300,500)","[5,5.5)",False,formal,17728,ok,,0.003605749841405444,0.0018071875612819263,0.31000666368027974,99.99999999999999,1.5328738955128247,1.450249213955067,3.3626054719421243,1.3457483053207397,2.126282215118408,0.5040332332638111,,43.285282605987014,True,CONVERGENCE: RELATIVE REDUCTION OF F <= FACTR*EPSMCH,gamma_core
38,"[300,500)","[5.5,6)",False,formal,13883,ok,,0.0009110511944006454,0.005781829118506937,1.9896728079731376,1.05141125888485,4.620595487938008,99.9914594779726,4.02723982958433,1.4842866659164429,2.345172882080078,0.8541716432673689,,48.79845555629144,False,ABNORMAL: ,conditional_core_fraction;gamma_tail
39,"[300,500)",>=6,False,unfiltered_diagnostic,182,ok,,0.0009110511944006454,0.0017854807300028593,2.0,1.05,9.391902825984367,99.99999999999999,4.177634850423393,1.4348735809326172,2.2671003341674805,2.4021043060882072,,1.9312244447045284,False,ABNORMAL: ,conditional_core_fraction;sigma_core;gamma_core;gamma_tail
40,"[500,800)","[2,2.5)",False,empty,0,empty,,,,,,,,,nan,nan,,,,,,
41,"[500,800)","[2.5,3)",False,unfiltered_diagnostic,764,ok,,0.9877972621131877,0.950771024156897,0.20765824996419044,99.99999999999999,0.22646627179400286,1.05,0.33407127093248423,0.22002768516540527,0.34764373302459717,3.2101110475198302,,103.29768414838884,True,CONVERGENCE: RELATIVE REDUCTION OF F <= FACTR*EPSMCH,gamma_core;gamma_tail
42,"[500,800)","[3,3.25)",True,formal,16004,ok,,0.641515212061867,0.6415152113115199,0.17658373852742493,99.99999999999999,0.21937536325576001,6.198433649043124,0.3191402316852433,0.21503491699695587,0.3397551476955414,0.2673886533082183,,5.8605900312331,True,CONVERGENCE: RELATIVE REDUCTION OF F <= FACTR*EPSMCH,gamma_core
43,"[500,800)","[3.25,3.5)",True,formal,69150,ok,,0.9975092177274497,0.9971635869419277,0.18645954268896053,15.535590137936568,0.2923400395081753,1.4550453569828403,0.31185668016682905,0.20305980741977692,0.3208344876766205,0.3163544271949801,,52.398652821215215,True,CONVERGENCE: RELATIVE REDUCTION OF F <= FACTR*EPSMCH,
44,"[500,800)","[3.5,3.75)",True,formal,84109,ok,,0.9929482215698716,0.9929055421806153,0.18710560690978478,99.99999999999999,0.4560632351524058,2.605312424006425,0.29982351524330947,0.19746136665344238,0.3119889497756958,0.4715761179816858,,319.8541980351777,True,CONVERGENCE: NORM OF PROJECTED GRADIENT <= PGTOL,gamma_core
45,"[500,800)","[3.75,4.0)",True,formal,39230,ok,,0.9591823778975458,0.9590466672995402,0.1815710432922878,30.1375496116476,0.42585078327068554,2.735660541139098,0.30536652729975217,0.23087672889232635,0.36478522419929504,1.5471248267007982,,362.6488051765359,True,CONVERGENCE: RELATIVE REDUCTION OF F <= FACTR*EPSMCH,
46,"[500,800)","[4.0,4.25)",True,formal,13596,ok,,0.5037203764136319,0.5036882513089666,0.1837687338533596,99.99999999999999,0.5962541820326829,5.467098973871214,0.7128615355251667,0.5193213224411011,0.8205276727676392,0.8293908978047081,,31.922081559536494,True,CONVERGENCE: RELATIVE REDUCTION OF F <= FACTR*EPSMCH,gamma_core
47,"[500,800)","[4.25,4.5)",True,formal,7227,ok,,0.32561269601210463,0.3410188071341213,0.1425659560407804,1.4464547392500622,0.7946218356737503,99.99999999999999,1.1815673891393477,0.7414887547492981,1.1715521812438965,0.19143626460407304,,8.920181039937198,True,CONVERGENCE: RELATIVE REDUCTION OF F <= FACTR*EPSMCH,gamma_tail
48,"[500,800)","[4.5,4.75)",True,formal,6002,ok,,0.26454670081778825,0.3352262511418473,0.2218423083667055,1.2343266503478567,0.9132433286992827,23.272315821304073,1.5029813770319234,0.9189700484275818,1.4519727230072021,0.13855048275886359,,5.424345748849832,True,CONVERGENCE: RELATIVE REDUCTION OF F <= FACTR*EPSMCH,
49,"[500,800)","[4.75,5.0)",False,formal,5968,ok,,0.04946371877769978,0.04894178362337391,0.375825376463135,99.99999999999999,0.8928015847790987,3.728289009020679,1.7860144972775192,1.0137568712234497,1.6017358303070068,0.13088518028961513,,5.8270900719644745,True,CONVERGENCE: RELATIVE REDUCTION OF F <= FACTR*EPSMCH,gamma_core
50,"[500,800)","[5,5.5)",False,formal,13490,ok,,0.007793866108720821,0.019969476037039153,0.046421589584838927,1.05,1.0597780974544349,2.3722593165541297,2.4569221995560016,1.1814261674880981,1.8666534423828125,0.2516081982418034,,17.665645625647254,True,CONVERGENCE: RELATIVE REDUCTION OF F <= FACTR*EPSMCH,gamma_core
51,"[500,800)","[5.5,6)",False,formal,12351,ok,,0.21296228663509123,0.18130351086463264,2.0,99.99999999999999,2.5587549672248087,8.314108379464649,3.4677491594768486,1.4048885107040405,2.219723701477051,0.49708878774139353,,30.296072576959965,True,CONVERGENCE: RELATIVE REDUCTION OF F <= FACTR*EPSMCH,sigma_core;gamma_core
52,"[500,800)",>=6,False,unfiltered_diagnostic,158,ok,,0.0009110511944006454,1.9598175556329726e-06,2.0,1.05,99.99999999999999,1.1296031883685012,4.221210854120867,1.3842791318893433,2.1871609687805176,2.550830885250411,,3.0147520761447617,False,ABNORMAL: ,conditional_core_fraction;sigma_core;sigma_ratio;gamma_core
53,"[800,1100)","[2,2.5)",False,empty,0,empty,,,,,,,,,nan,nan,,,,,,
54,"[800,1100)","[2.5,3)",False,unfiltered_diagnostic,4,ok,,0.0009110511944006454,0.0009110511944006454,0.17427535266957725,99.99999999999999,0.17601810619627303,99.99999999999999,0.2803904710032961,0.1801041215658188,0.2845645248889923,0.993598486569079,,0.9980272761910275,True,CONVERGENCE: RELATIVE REDUCTION OF F <= FACTR*EPSMCH,conditional_core_fraction;sigma_ratio;gamma_core;gamma_tail
55,"[800,1100)","[3,3.25)",False,unfiltered_diagnostic,240,ok,,0.0009110511944006454,0.0009110511944006454,0.1626784374371715,99.99999999999999,0.16430522181154322,99.99999999999999,0.2617322702055926,0.16718938946723938,0.264159232378006,0.039136642393358526,,0.9748950047063719,True,CONVERGENCE: RELATIVE REDUCTION OF F <= FACTR*EPSMCH,conditional_core_fraction;sigma_ratio;gamma_core;gamma_tail
56,"[800,1100)","[3.25,3.5)",True,formal,4962,ok,,0.9986874971523556,0.9986874971523556,0.16147907431374672,99.99999999999999,0.5182807431232431,99.99999999999999,0.25751681405393995,0.16418388485908508,0.2594105303287506,0.026296729852307327,,1.112103530822296,True,CONVERGENCE: RELATIVE REDUCTION OF F <= FACTR*EPSMCH,conditional_core_fraction;gamma_core;gamma_tail
57,"[800,1100)","[3.5,3.75)",True,formal,23789,ok,,0.9990081308538974,0.9990080893920934,0.1630360052541221,37.53156186059021,0.7157459156106641,8.401890395772394,0.2635883761140378,0.1706446409225464,0.26961851119995117,0.15282040117412757,,8.372657790151148,True,CONVERGENCE: RELATIVE REDUCTION OF F <= FACTR*EPSMCH,conditional_core_fraction
58,"[800,1100)","[3.75,4.0)",True,formal,33028,ok,,0.9945532315697793,0.9945363480552527,0.15915157088473258,99.99999999999999,0.7743055194214493,4.252076862132322,0.2548415783522648,0.17256881296634674,0.27265873551368713,1.0828499990369254,,248.48059534221937,True,CONVERGENCE: RELATIVE REDUCTION OF F <= FACTR*EPSMCH,gamma_core
59,"[800,1100)","[4.0,4.25)",True,formal,16745,ok,,0.9805229603030761,0.9805216986067486,0.16147081974556465,99.99999999999999,0.6794779499959172,7.14445881206078,0.261959724074089,0.19266608357429504,0.3044124245643616,1.7993217655671951,,310.75385494084526,True,CONVERGENCE: RELATIVE REDUCTION OF F <= FACTR*EPSMCH,gamma_core
60,"[800,1100)","[4.25,4.5)",True,formal,4786,ok,,0.6976161337284087,0.6975997138226089,0.17035595423609798,99.99999999999999,0.6956731998043728,7.219468115291456,0.43207415819256434,0.45698514580726624,0.7220365405082703,1.2312570096408084,,15.222472031920129,True,CONVERGENCE: RELATIVE REDUCTION OF F <= FACTR*EPSMCH,gamma_core
61,"[800,1100)","[4.5,4.75)",True,formal,1869,ok,,0.2795357997138583,0.2994210598330521,0.09435104528434886,1.3428579974674342,0.8338997380367333,99.99999999999999,1.2414380697965703,0.7705811262130737,1.2175182104110718,0.24185729757303762,,2.865544001932969,True,CONVERGENCE: RELATIVE REDUCTION OF F <= FACTR*EPSMCH,gamma_tail
62,"[800,1100)","[4.75,5.0)",True,formal,1760,ok,,0.21133391196336795,0.49684100273843307,0.1456515999639269,1.05,0.9582574796636785,99.99999999999999,1.5519190086382473,0.9276735186576843,1.465724229812622,0.2088328833545209,,2.3018276819394616,True,CONVERGENCE: RELATIVE REDUCTION OF F <= FACTR*EPSMCH,gamma_core;gamma_tail
63,"[800,1100)","[5,5.5)",False,formal,4810,ok,,0.7416026684805059,0.7295257720781219,1.0101683179726,14.742535429238584,2.0851399495988914,99.99999999999999,2.0144323859544335,1.0940238237380981,1.7285575866699219,0.1811007026278302,,3.6425442740113207,True,CONVERGENCE: RELATIVE REDUCTION OF F <= FACTR*EPSMCH,gamma_tail
64,"[800,1100)","[5.5,6)",False,formal,3211,ok,,0.8530730442152882,0.0023369793239915713,1.4525540988283143,5.807300963057263,72.59366602620102,1.196879574035635,2.8732344189268972,1.2758429050445557,2.015831708908081,0.39909832582132343,,5.353404717802931,True,CONVERGENCE: RELATIVE REDUCTION OF F <= FACTR*EPSMCH,sigma_ratio
65,"[800,1100)",>=6,False,unfiltered_diagnostic,15,ok,,0.0009110511944006454,0.008083353642685252,2.0,1.05,3.6867764053772247,99.99999999999999,3.9029511562551717,1.74455726146698,2.7564005851745605,2.6869005544327824,,1.1488290457645292,False,ABNORMAL: ,conditional_core_fraction;sigma_core;gamma_core;gamma_tail
66,"[1100,2000)","[2,2.5)",False,empty,0,empty,,,,,,,,,nan,nan,,,,,,
67,"[1100,2000)","[2.5,3)",False,empty,0,empty,,,,,,,,,nan,nan,,,,,,
68,"[1100,2000)","[3,3.25)",False,unfiltered_diagnostic,3,ok,,0.2756038717401492,0.2756038717401492,0.06799293422657708,99.99999999999999,0.14333938274664737,99.99999999999999,0.19816009088561673,0.13378682732582092,0.21138319373130798,0.7887562832229796,,1.0255874863172048,True,CONVERGENCE: RELATIVE REDUCTION OF F <= FACTR*EPSMCH,gamma_core;gamma_tail
69,"[1100,2000)","[3.25,3.5)",False,unfiltered_diagnostic,183,ok,,0.0009110511944006454,0.0009110511944006454,0.14753717330664115,99.99999999999999,0.14901254503970757,99.99999999999999,0.23737158973005762,0.1501043736934662,0.2371649146080017,0.05140982036911484,,0.9702518252513325,True,CONVERGENCE: RELATIVE REDUCTION OF F <= FACTR*EPSMCH,conditional_core_fraction;sigma_ratio;gamma_core;gamma_tail
70,"[1100,2000)","[3.5,3.75)",True,formal,3067,ok,,0.9990889488055994,0.9990889488055994,0.13958867552803172,99.99999999999999,0.33998896613044777,99.99999999999999,0.22251047776481842,0.14193911850452423,0.22426380217075348,0.010797030529450873,,0.9725377092914264,True,CONVERGENCE: RELATIVE REDUCTION OF F <= FACTR*EPSMCH,conditional_core_fraction;gamma_core;gamma_tail
71,"[1100,2000)","[3.75,4.0)",True,formal,15535,ok,,0.9980438975996992,0.9979636883517117,0.1375706072782503,99.99999999999999,0.626620864966364,2.1756683661850404,0.2195574389107024,0.14336980879306793,0.22652429342269897,0.622901991345469,,62.34321735241683,True,CONVERGENCE: RELATIVE REDUCTION OF F <= FACTR*EPSMCH,conditional_core_fraction;gamma_core
72,"[1100,2000)","[4.0,4.25)",True,formal,30056,ok,,0.9969116600405464,0.9969086547921696,0.13249073791946048,99.99999999999999,0.8271397888478333,5.929476417669758,0.21168636862209136,0.14350898563861847,0.22674418985843658,0.9635466743229449,,221.67767294101355,True,CONVERGENCE: RELATIVE REDUCTION OF F <= FACTR*EPSMCH,gamma_core
73,"[1100,2000)","[4.25,4.5)",True,formal,20877,ok,,0.9946104608933508,0.9945703953128099,0.13205046573709517,20.50804368708791,0.6588332060896372,3.10483959406031,0.21854106720188304,0.15155668556690216,0.2394595593214035,1.1842383772298255,,112.42428579186628,True,CONVERGENCE: NORM OF PROJECTED GRADIENT <= PGTOL,
74,"[1100,2000)","[4.5,4.75)",True,formal,8610,ok,,0.9841410610148362,0.9833403609293894,0.12542987079529228,12.826416281781963,0.8303570321073755,2.408799992609225,0.21548024606109584,0.17788614332675934,0.2810600996017456,4.909452896925581,,205.70748569898325,True,CONVERGENCE: RELATIVE REDUCTION OF F <= FACTR*EPSMCH,
75,"[1100,2000)","[4.75,5.0)",True,unfiltered_diagnostic,2279,ok,,0.9820987624987938,0.9820861192808841,0.12915837103922762,7.774986064543622,0.7833737789643533,5.806824104200208,0.23346684743124427,0.1919548362493515,0.30328863859176636,1.9742032622671641,,232.29620054863017,True,CONVERGENCE: RELATIVE REDUCTION OF F <= FACTR*EPSMCH,
76,"[1100,2000)","[5,5.5)",False,unfiltered_diagnostic,1054,ok,,0.8377246964142501,0.8349114490408517,0.12395181861700824,4.504628076579782,0.7157050692399497,2.685203352197309,0.3084091928108038,0.41063034534454346,0.6487959623336792,4.4177577873170835,,165.88031912300846,True,CONVERGENCE: RELATIVE REDUCTION OF F <= FACTR*EPSMCH,
77,"[1100,2000)","[5.5,6)",False,unfiltered_diagnostic,186,ok,,0.0815719529682997,0.08012750601698146,0.10498006484177824,99.99999999999999,1.6478341923789708,20.497319758256793,2.567384140069785,1.28025221824646,2.022798538208008,0.6126580526241209,,1.6254688074017192,True,CONVERGENCE: RELATIVE REDUCTION OF F <= FACTR*EPSMCH,gamma_core
78,"[1100,2000)",>=6,False,empty,0,empty,,,,,,,,,nan,nan,,,,,,
79,"[2000,3000)","[2,2.5)",False,empty,0,empty,,,,,,,,,nan,nan,,,,,,
80,"[2000,3000)","[2.5,3)",False,empty,0,empty,,,,,,,,,nan,nan,,,,,,
81,"[2000,3000)","[3,3.25)",False,empty,0,empty,,,,,,,,,nan,nan,,,,,,
82,"[2000,3000)","[3.25,3.5)",False,empty,0,empty,,,,,,,,,nan,nan,,,,,,
83,"[2000,3000)","[3.5,3.75)",False,empty,0,empty,,,,,,,,,nan,nan,,,,,,
84,"[2000,3000)","[3.75,4.0)",False,unfiltered_diagnostic,3,ok,,0.9990889488055994,0.9990889488055994,0.1004507617999929,99.99999999999999,0.10145526941799284,99.99999999999999,0.16001732799908927,0.09190528094768524,0.14521034061908722,0.7805005181479837,,1.0182313236799931,True,CONVERGENCE: RELATIVE REDUCTION OF F <= FACTR*EPSMCH,conditional_core_fraction;sigma_ratio;gamma_core;gamma_tail
85,"[2000,3000)","[4.0,4.25)",False,unfiltered_diagnostic,417,ok,,0.9939915833871289,0.9939915833871289,0.09055682554050093,99.99999999999999,0.5152643244873184,99.99999999999999,0.14508468132593222,0.1002788096666336,0.15844053030014038,1.7038602681528723,,111.64233814031236,True,CONVERGENCE: RELATIVE REDUCTION OF F <= FACTR*EPSMCH,gamma_core;gamma_tail
86,"[2000,3000)","[4.25,4.5)",True,formal,2144,ok,,0.9979293650933424,0.9979293639915606,0.10013710026052017,99.99999999999999,0.8920508756456166,99.99999999999999,0.1598408170802244,0.10910765081644058,0.17239008843898773,0.7661629785187756,,51.3800285857986,True,CONVERGENCE: RELATIVE REDUCTION OF F <= FACTR*EPSMCH,gamma_core;gamma_tail
87,"[2000,3000)","[4.5,4.75)",True,formal,5114,ok,,0.9970850535326927,0.9970850534639983,0.11259857887655783,55.64445010296288,0.8025285416212997,99.99999999999999,0.1810701443324954,0.12222733348608017,0.19311918318271637,1.0250138986881083,,103.33186637407087,True,CONVERGENCE: RELATIVE REDUCTION OF F <= FACTR*EPSMCH,gamma_tail
88,"[2000,3000)","[4.75,5.0)",True,formal,6475,ok,,0.9960728469304975,0.9960728447495601,0.11785806360370357,8.042175075550475,0.536402257729212,9.295638327474785,0.2089630112525585,0.14144346117973328,0.22348067164421082,0.21382468274821181,,15.9268817442685,True,CONVERGENCE: RELATIVE REDUCTION OF F <= FACTR*EPSMCH,
89,"[2000,3000)","[5,5.5)",True,formal,7340,ok,,0.9827334243918396,0.982733424329839,0.13906063854313946,10.38810027156827,0.7592938997402139,99.99999999999999,0.24323272084125633,0.18386082351207733,0.29050010442733765,0.6757096001457354,,26.156837941546193,True,CONVERGENCE: RELATIVE REDUCTION OF F <= FACTR*EPSMCH,gamma_tail
90,"[2000,3000)","[5.5,6)",False,unfiltered_diagnostic,1049,ok,,0.9909273478660845,0.9909273424486923,0.15308316342783143,5.503584056928165,0.8961957761188086,99.99999999999999,0.28982665235443106,0.20851148664951324,0.3294481337070465,0.16678459786888583,,5.776134386189109,True,CONVERGENCE: RELATIVE REDUCTION OF F <= FACTR*EPSMCH,gamma_tail
91,"[2000,3000)",>=6,False,empty,0,empty,,,,,,,,,nan,nan,,,,,,
