label,accepted_hour_count,common_gti_interval_count,v6_gti_seconds,pass5_header_seconds,v6_minus_pass5_seconds,relative_to_v6_percent,abs_delta_le_0p2_seconds,large_delta_gt_10_seconds
20220101_0,4,4,14233.504538959824,14233.600000001416,-0.09546104159198876,-0.0006706784076310486,True,False
20220101_1,4,4,14252.909379266202,14252.900000001417,0.009379264785820851,6.580596660121145e-05,True,False
20220101_2,4,4,14233.77093700692,14233.800000001414,-0.029062994493870065,-0.00020418337924989425,True,False
20220101_3,3,4,7391.212025703862,7391.300000000387,-0.08797429652440769,-0.0011902553494402013,True,False
20220101_4,4,4,11395.135084167123,11395.10000000099,0.03508416613294685,0.0003078872332254688,True,False
20220101_5,4,4,14208.887071651407,14208.900000001411,-0.012928350004585809,-9.098777363344356e-05,True,False
20220102_0,4,6,14099.761599884368,14099.700000001394,0.06159988297440577,0.0004368859894404949,True,False
20220102_1,4,5,14172.474277555011,14172.300000001405,0.1742775536058616,0.0012296903856926767,True,False
20220102_2,4,5,14163.65140748676,14163.700000001405,-0.04859251464586123,-0.00034307900729733953,True,False
20220102_3,3,5,7092.17032394372,7092.300000000342,-0.12967605662197457,-0.0018284396834658367,True,False
20220102_4,4,6,11562.054009432903,11561.900000001013,0.15400943188979,0.0013320248440643972,True,False
20220102_5,4,4,14268.658495461568,14268.80000000142,-0.14150453985166678,-0.0009917157937214289,True,False
20220103_0,4,4,14252.398562408052,14252.400000001418,-0.0014375933660630835,-1.008667670756038e-05,True,False
20220103_1,4,4,14239.747347962111,14239.700000001416,0.04734796069533331,0.00033250562343797066,True,False
20220103_2,4,4,14232.604386052117,14232.600000001414,0.004386050703033106,3.081692277859852e-05,True,False
20220103_3,2,3,6960.559898195788,6960.500000000322,0.05989819546630315,0.0008605370306752056,True,False
20220103_4,4,4,11879.22731358558,11879.300000001062,-0.07268641548216692,-0.000611878311302619,True,False
20220103_5,4,4,14212.443543761037,14212.50000000141,-0.05645624037242669,-0.0003972310616298616,True,False
20220104_0,4,4,14263.332127500325,14263.30000000142,0.03212749890553823,0.00022524539580477844,True,False
20220104_1,4,4,14234.516539354809,14234.500000001413,0.016539353395273793,0.00011619188716066821,True,False
20220104_2,4,5,14171.953425672837,14172.000000001406,-0.046574328569477075,-0.0003286373245138285,True,False
20220104_3,2,2,6846.753534371964,6846.700000000305,0.05353437165831565,0.0007818942421333446,True,False
20220104_4,4,6,12037.245791754685,12037.300000001083,-0.05420824639804778,-0.0004503376215444527,True,False
20220104_5,4,5,14194.609860191122,14194.700000001409,-0.09013981028692797,-0.0006350284451263833,True,False
20220105_0,4,4,14296.939910156652,14296.900000001424,0.03991015522842645,0.00027915173092441957,True,False
20220105_1,4,4,14279.419219633564,14279.500000001422,-0.08078036785809672,-0.0005657118585539342,True,False
20220105_2,4,4,14273.871644237079,14274.00000000142,-0.12835576434190443,-0.0008992358032988666,True,False
20220105_3,2,2,6573.1656971387565,6573.200000000264,-0.03430286150705797,-0.0005218621146579299,True,False
20220105_4,2,2,7126.844492764212,7126.900000000347,-0.05550723613487207,-0.0007788473031960753,True,False
20220105_5,3,3,10715.445703547448,10715.500000000886,-0.054296453437927994,-0.0005067120392383926,True,False
20220106_0,4,4,14272.440133569762,14272.400000001422,0.040133568340024794,0.00028119626331889723,True,False
20220106_1,4,4,14295.793351298198,14295.300000001424,0.4933512967745628,0.0034510242604322595,False,False
20220106_2,4,4,14224.280530074611,14224.300000001414,-0.01946992680313997,-0.00013687811318101052,True,False
20220106_3,2,3,6247.3377998918295,6247.400000000215,-0.062200108385695785,-0.0009956258229989222,True,False
20220106_5,4,5,14174.144909461029,14174.100000001405,0.0449094596242503,0.0003168406977007404,True,False
20220107_0,4,5,14169.456671085209,14169.500000001406,-0.043328916197424405,-0.0003057909502334216,True,False
20220107_1,4,4,14247.894310159609,14247.900000001418,-0.005689841809726204,-3.993461550082529e-05,True,False
20220107_2,4,4,14258.378728874959,14258.400000001418,-0.021271126459396328,-0.00014918334590397503,True,False
20220107_3,2,2,6104.033888108097,6104.000000000195,0.033888107902384945,0.0005551756186741671,True,False
20220107_5,4,5,14196.430134843104,14196.50000000141,-0.06986515830612916,-0.0004921318785252579,True,False
20220108_0,4,5,14185.9128651442,14185.900000001408,0.012865142793089035,9.068956587700189e-05,True,False
20220108_1,4,4,7260.037973569706,7260.0000000003665,0.03797356933955598,0.0005230491834588113,True,False
20220108_2,4,6,14006.667978898622,14006.700000001378,-0.03202110275560699,-0.00022861327764638628,True,False
20220108_3,2,3,5872.879208740778,5872.700000000158,0.1792087406201972,0.003051463077147502,True,False
20220108_5,4,5,14179.003374231977,14179.000000001408,0.00337423056953412,2.379737475531061e-05,True,False
20220109_0,4,4,14211.011675396003,14211.100000001412,-0.0883246054090705,-0.0006215222914916735,True,False
20220109_1,4,4,14324.983585369773,14325.00000000143,-0.016414631656516576,-0.00011458743780538065,True,False
20220109_2,4,4,14265.222478844225,14265.300000001418,-0.07752115719267749,-0.0005434276072991067,True,False
20220109_3,2,2,5668.297032220289,5668.3000000001275,-0.00296777983840002,-5.235752151890197e-05,True,False
20220109_5,4,5,14150.021530198865,14150.000000001402,0.021530197462197975,0.00015215664100756595,True,False
20220110_0,4,4,14249.782511545345,14249.800000001418,-0.017488456072896952,-0.0001227278806446877,True,False
20220110_1,4,4,14247.386590624228,14247.400000001417,-0.013409377188509097,-9.411815355198827e-05,True,False
20220110_2,4,5,14149.083082261495,14149.000000001402,0.08308226009285136,0.0005871918315117564,True,False
20220110_3,2,2,5386.911668255925,5386.900000000086,0.011668255839140329,0.0002166038085959197,True,False
20220110_5,4,5,14194.53147535678,14194.600000001406,-0.06852464462645003,-0.0004827538319627958,True,False
20220111_0,4,4,14297.757809562609,14297.700000001423,0.05780956118542235,0.0004043260625575727,True,False
20220111_1,4,4,14302.14490480721,14302.000000001424,0.14490480578569986,0.0010131683516714667,True,False
20220111_2,4,4,14268.216482293792,14268.300000001418,-0.08351770762601518,-0.0005853409059895948,True,False
20220111_3,2,3,5111.699781543575,5111.600000000044,0.09978154353120772,0.0019520227672892945,True,False
20220111_5,4,4,14309.786362806335,14309.800000001425,-0.013637195090268506,-9.529978117432967e-05,True,False
20220112_0,4,4,14287.342399475165,14287.400000001424,-0.05760052625919343,-0.0004031577367482237,True,False
20220112_1,4,4,14314.72864577081,14314.700000001427,0.028645769383729203,0.00020011395320575917,True,False
20220112_2,4,4,14296.868106583133,14296.800000001424,0.06810658170979877,0.0004763741345451626,True,False
20220112_3,2,3,4884.520939341746,4884.40000000001,0.12093934173663001,0.002475971405149267,True,False
20220112_5,4,4,14333.75902371481,14333.90000000143,-0.14097628661875206,-0.0009835262779673542,True,False
20220113_0,4,4,14289.226595149375,14289.300000001425,-0.0734048520498618,-0.0005137076633299372,True,False
20220113_1,4,5,14244.331144890748,14244.200000001416,0.13114488933206303,0.0009206812731189766,True,False
20220113_2,4,4,14342.530792672187,14342.600000001432,-0.06920732924481854,-0.000482532199130279,True,False
20220113_3,3,3,4699.348114267923,4699.299999999982,0.048114267940945865,0.0010238498355732311,True,False
20220113_5,4,5,14253.302827267908,14253.200000001416,0.10282726649165852,0.000721427641984427,True,False
20220114_0,4,5,14204.31424076669,14204.40000000141,-0.08575923472017166,-0.0006037548400192443,True,False
20220114_1,4,4,14287.906761607155,14287.900000001422,0.006761605733117904,4.732397716428921e-05,True,False
20220114_2,4,5,14220.230367220938,14220.30000000141,-0.06963278047260246,-0.0004896740676797545,True,False
20220114_3,3,3,4640.99467524793,4640.899999999973,0.09467524795672944,0.002039977517355624,True,False
20220114_5,4,4,14261.034294962883,14261.100000001421,-0.06570503853799892,-0.0004607312287384828,True,False
20220115_0,4,4,14299.331737984903,14299.400000001426,-0.06826201652256714,-0.0004773790675912159,True,False
20220115_1,4,4,14331.256474927068,14331.300000001429,-0.04352507436124142,-0.0003037073158057687,True,False
20220115_2,4,4,14288.34138319362,14288.300000001424,0.04138319219600817,0.0002896290835035922,True,False
20220115_3,3,4,4718.884747638366,4718.899999999985,-0.01525236161887733,-0.00032321962570733677,True,False
20220115_5,4,4,14317.073602625169,14317.000000001428,0.07360262374095328,0.0005140898607062937,True,False
20220116_0,4,4,14332.05358888954,14332.00000000143,0.05358888810951612,0.0003739093478624666,True,False
20220116_1,4,4,14298.442875500768,14298.400000001424,0.042875499344518175,0.00029986131859142435,True,False
20220116_2,4,5,14239.725969079882,14239.800000001418,-0.07403092153617763,-0.0005198900715991884,True,False
20220116_3,3,5,4580.145605024882,4580.099999999965,0.045605024916767434,0.000995711246968527,True,False
20220116_5,4,4,14322.846970148385,14322.900000001428,-0.05302985304297181,-0.00037024659380566167,True,False
20220117_0,4,4,14302.130941394717,14302.100000001425,0.030941393291868735,0.00021634114118138111,True,False
20220117_1,4,5,13901.122767082414,13901.100000001365,0.022767081049096305,0.00016377872083115695,True,False
20220117_2,2,2,5517.80809101183,5517.800000000105,0.008091011724900454,0.00014663452572916073,True,False
20220117_5,4,4,14269.464009348303,14266.80000000142,2.6640093468831765,0.01866930212051352,False,False
20220118_0,4,4,14249.973639054224,14249.900000001417,0.07363905280726613,0.0005167662388191869,True,False
20220118_1,4,4,14244.09902987536,14244.000000001415,0.09902987394525553,0.0006952343825857413,True,False
20220118_2,4,5,14177.90597146377,14177.800000001407,0.1059714623625041,0.000747440860277925,True,False
20220118_3,3,3,4680.883288476617,4680.89999999998,-0.016711523362573644,-0.0003570164503719633,True,False
20220118_5,4,4,14255.963562056422,14256.000000001419,-0.03643794499657815,-0.00025559791057239476,True,False
20220119_0,4,4,14265.948084066622,14266.000000001419,-0.051915934796852525,-0.00036391506888235834,True,False
20220119_1,4,4,14246.239485475235,14246.200000001416,0.03948547381878598,0.00027716418679500247,True,False
20220119_2,4,4,14298.767125653103,14298.800000001424,-0.03287434832054714,-0.00022991036941617153,True,False
20220119_3,2,2,4659.734022407792,4659.699999999976,0.03402240781542787,0.0007301362621089628,True,False
20220119_5,4,4,14210.816711280495,14210.900000001411,-0.08328872091624362,-0.0005860938368878499,True,False
20220120_0,4,4,14274.834023974836,14274.800000001422,0.03402397341415053,0.00023834934512728252,True,False
20220120_1,4,4,14267.029105033726,14267.00000000142,0.029105032304869383,0.00020400205319971262,True,False
20220120_2,2,2,7119.984645769,7120.000000000346,-0.015354231345554581,-0.00021564978169831762,True,False
20220120_3,2,2,4715.573200397193,4715.699999999984,-0.12679960279092484,-0.0026889541822878392,True,False
20220120_5,3,4,10646.934063616209,10646.900000000876,0.034063615332343034,0.00031993825761304095,True,False
20220121_0,4,4,14278.426924045198,14278.500000001419,-0.07307595622114604,-0.0005117927668774524,True,False
20220121_1,4,4,14299.880619160831,14299.900000001424,-0.019380840592930326,-0.00013553148525562771,True,False
20220121_2,4,6,14164.166619814932,14164.300000001405,-0.13338018647300487,-0.0009416733794024488,True,False
20220121_3,2,2,4755.346347671002,4755.3999999999905,-0.05365232898839167,-0.0011282528141124497,True,False
20220121_5,4,4,14291.683099628426,14291.700000001423,-0.016900372997042723,-0.00011825320278394726,True,False
20220122_0,4,4,14306.881934660487,14306.900000001426,-0.01806534093884693,-0.00012627028741378675,True,False
20220122_1,4,4,14301.655545411631,14301.700000001427,-0.04445458979535033,-0.00031083527116280323,True,False
20220122_2,4,4,14301.757532008924,14301.700000001425,0.057532007498593885,0.0004022722897506188,True,False
20220122_3,2,3,4645.8683896344155,4645.799999999974,0.06838963444170076,0.0014720527726159362,True,False
20220122_5,4,4,14307.755697146058,14307.700000001425,0.05569714463308628,0.00038927939372207824,True,False
20220123_0,4,4,14286.871004803106,14286.900000001424,-0.02899519831771613,-0.00020294995529789714,True,False
20220123_1,4,4,14315.428529446945,14315.400000001426,0.02852944551887049,0.00019929159270492815,True,False
20220123_2,4,5,14228.784465487115,14228.700000001416,0.08446548569918377,0.0005936240436002144,True,False
20220123_3,2,2,4713.410966726952,4713.399999999983,0.010966726968945295,0.00023267071440114036,True,False
20220123_5,4,4,14318.668385013005,14318.800000001429,-0.1316149884241895,-0.0009191845560299983,True,False
20220124_0,4,4,14303.343759197742,14303.300000001425,0.043759196316386806,0.00030593682884988015,True,False
20220124_1,4,5,14273.650560644455,14273.800000001422,-0.14943935696646804,-0.0010469596150721576,True,False
20220124_2,4,4,14295.996494684368,14295.900000001426,0.09649468294264807,0.0006749769628058272,True,False
20220124_5,4,4,14263.6956917122,14263.70000000142,-0.0043082892188976984,-3.0204578897466196e-05,True,False
20220125_0,4,6,14080.703027942218,14080.700000001392,0.0030279408256319584,2.1504187820900786e-05,True,False
20220125_1,4,4,14277.390326745808,14277.300000001422,0.09032674438640242,0.000632655844795344,True,False
20220125_2,4,4,14229.18656738475,14229.300000001413,-0.11343261666297622,-0.0007971827210627722,True,False
20220125_3,2,3,4602.997297234833,4602.999999999968,-0.0027027651349271764,-5.8717504278154004e-05,True,False
20220125_5,4,5,14186.806527944282,14186.700000001407,0.10652794287489087,0.0007508944501714238,True,False
20220126_0,4,4,14223.755935253575,14223.700000001414,0.05593525216136186,0.00039325233374348296,True,False
20220126_1,4,4,14238.291723188013,14238.200000001416,0.09172318659693701,0.0006442007818083939,True,False
20220126_2,4,4,14299.549229512922,14299.600000001425,-0.0507704885021667,-0.00035504957315284595,True,False
20220126_3,2,2,4713.204086688347,4713.299999999985,-0.09591331163755967,-0.0020349916929854727,True,False
20220126_5,4,4,14282.612768746912,14282.500000001422,0.11276874549002969,0.0007895526351928357,True,False
20220127_0,4,4,14251.73216087278,14251.700000001418,0.032160871362066246,0.00022566289486103215,True,False
20220127_1,4,5,14195.522694080137,14195.600000001408,-0.07730592127154523,-0.000544579603988683,True,False
20220127_2,4,4,14292.30565961916,14292.300000001422,0.005659617738274392,3.959905331625269e-05,True,False
20220127_3,2,3,4601.902375090867,4601.899999999968,0.0023750908994770725,5.16110665956962e-05,True,False
20220127_5,4,4,14316.287652100436,14316.200000001429,0.08765209900775517,0.0006122543856185731,True,False
20220128_0,4,4,14249.55299848225,14249.600000001417,-0.04700151916767936,-0.000329845568999151,True,False
20220128_1,4,5,14209.198544640094,14209.200000001412,-0.0014553613182215486,-1.0242388503822623e-05,True,False
20220128_2,3,3,10720.170877827331,10720.300000000887,-0.12912217355551547,-0.001204478688139016,True,False
20220128_3,3,5,4566.034108819439,4565.999999999962,0.03410881947729649,0.000747011929048323,True,False
20220128_5,4,6,14140.154057065956,14140.2000000014,-0.04594293544323591,-0.00032491113786895296,True,False
20220129_0,4,5,14230.589354108088,14230.500000001413,0.08935410667436372,0.0006279016592420255,True,False
20220129_1,4,4,14227.89571301546,14227.900000001415,-0.004286985955332057,-3.01308502803432e-05,True,False
20220129_2,4,4,14260.989695275202,14261.000000001419,-0.010304726216418203,-7.22581422229921e-05,True,False
20220129_5,4,5,14162.053964054212,14162.000000001402,0.053964052809533314,0.0003810467955178224,True,False
20220130_0,4,4,14255.53397401236,14255.50000000142,0.033974010939346044,0.0002383215599028433,True,False
20220130_1,4,4,14256.594364810735,14256.600000001417,-0.005635190682369284,-3.952690620333922e-05,True,False
20220130_2,4,4,14240.2913156664,14240.300000001418,-0.008684335018187994,-6.098425113420227e-05,True,False
20220130_3,3,5,4657.346779899672,4657.299999999976,0.04677989969604823,0.0010044323926649062,True,False
20220130_5,4,4,14298.80262950901,14298.100000001425,0.7026295075847884,0.0049139045120795205,False,False
20220131_0,4,4,14250.553184794262,14250.600000001416,-0.04681520715348597,-0.0003285150165499477,True,False
20220131_1,4,4,14307.953034387901,14308.000000001426,-0.04696561352466233,-0.00032824830646134096,True,False
20220131_2,4,4,14260.442887991667,14260.30000000142,0.1428879902468907,0.001001988447127493,True,False
20220131_3,3,4,4653.32869605627,4653.199999999975,0.128696056294757,0.0027656773183426272,True,False
20220131_5,4,4,14252.4331754772,14252.400000001417,0.03317547578262747,0.0002327706109838799,True,False
20220201_0,4,4,14318.022203771397,14318.000000001428,0.022203769969564746,0.00015507567772674795,True,False
20220201_1,4,4,14281.164273410104,14281.200000001423,-0.035726591318962164,-0.0002501658172609988,True,False
20220201_2,4,4,14305.792157328688,14305.700000001425,0.09215732726261194,0.0006441959050509541,True,False
20220201_3,3,3,4657.387834670954,4657.399999999976,-0.012165329021627258,-0.00026120498127866863,True,False
20220201_5,4,4,14328.478179546073,14328.500000001428,-0.021820455354827573,-0.00015228731957017116,True,False
20220202_0,4,4,14272.016758401878,14272.100000001421,-0.0832415995428164,-0.0005832504330112449,True,False
20220202_1,4,4,14274.079140345566,14274.10000000142,-0.02085965585320082,-0.0001461366134242676,True,False
20220202_2,4,4,14298.960892204195,14298.900000001426,0.06089220276953711,0.0004258505441660141,True,False
20220202_3,3,3,4653.714147093706,4653.699999999975,0.014147093730571214,0.000303995760878571,True,False
20220202_5,4,4,14324.91171641741,14324.90000000143,0.011716415980117745,8.179049345686273e-05,True,False
20220203_0,4,4,14311.996607179753,14312.100000001426,-0.10339282167296915,-0.0007224206692524027,True,False
20220203_1,4,4,14299.298140173778,14299.200000001423,0.09814017235476058,0.0006863285973388893,True,False
20220203_2,4,4,14076.15846900735,14076.200000001392,-0.04153099404175009,-0.00029504494520427813,True,False
20220203_3,2,2,4900.230703759008,4900.200000000013,0.030703758995514363,0.000626577825651377,True,False
20220203_5,4,4,14335.891615622677,14336.000000001428,-0.10838437875099771,-0.0007560351435196733,True,False
20220204_0,4,4,14270.535554783419,14270.500000001419,0.03555478199996287,0.0002491481967405566,True,False
20220204_1,4,4,14270.450891065411,14270.400000001418,0.05089106399282173,0.0003566184725437381,True,False
20220204_2,4,4,13841.274218866602,13841.200000001356,0.07421886524571164,0.0005362141091356044,True,False
20220204_3,2,2,5188.368611061014,5188.400000000055,-0.03138893904088036,-0.0006049866806680369,True,False
20220204_5,4,4,14277.038201945834,14277.100000001423,-0.061798055588951684,-0.0004328492696792613,True,False
20220205_0,4,5,14216.941491351463,14217.000000001413,-0.05850864995045413,-0.0004115417509880481,True,False
20220205_1,4,5,14081.024502636865,14081.100000001392,-0.07549736452710931,-0.0005361638601862485,True,False
20220205_2,4,5,13494.580921065062,13494.500000001304,0.08092106375806907,0.0005996559969620928,True,False
20220205_3,2,3,5299.215869908221,5299.200000000073,0.01586990814848832,0.0002994765364929958,True,False
20220205_4,4,4,14215.371170081198,14215.30000000141,0.0711700797874073,0.0005006557967138946,True,False
20220205_5,4,4,14269.521770928985,14269.500000001419,0.02177092756573984,0.0001525694267490682,True,False
20220206_0,4,5,14154.004222084768,14154.100000001403,-0.09577791663468815,-0.0006766842451922121,True,False
20220206_1,4,4,14245.664544543251,14245.700000001416,-0.035455458164506126,-0.00024888595441542393,True,False
20220206_2,4,6,13297.81008255668,13297.800000001273,0.01008255540727987,7.582117164167955e-05,True,False
20220206_3,2,2,5597.593516227789,5597.600000000117,-0.006483772327555926,-0.0001158314248571113,True,False
20220206_4,4,4,14277.840730408205,14278.00000000142,-0.15926959321586764,-0.0011155019601574875,True,False
20220206_5,4,4,14247.178320027888,14247.20000000142,-0.021679973531718133,-0.00015217029677547895,True,False
20220207_0,4,4,14276.075404160656,14276.000000001422,0.07540415923358523,0.0005281854928533738,True,False
20220207_1,4,4,14238.109426223673,14238.100000001414,0.009426222259207861,6.620417063129671e-05,True,False
20220207_2,3,4,4554.680203646421,4554.699999999961,-0.019796353539277334,-0.00043463761788212077,True,False
20220207_4,4,4,14224.667406245135,14224.600000001412,0.0674062437228713,0.000473868680355068,True,False
20220207_5,4,4,14273.763373726979,14273.80000000142,-0.03662627444100508,-0.00025659858218205633,True,False
20220208_0,4,4,14297.838237485848,14297.800000001424,0.03823748442482611,0.00026743542478033965,True,False
20220208_1,4,5,12815.747932903469,12815.800000001202,-0.052067097733015544,-0.0004062743587468445,True,False
20220208_2,4,5,12769.445669464767,12769.400000001195,0.04566946357226698,0.0003576464065427299,True,False
20220208_3,2,2,6078.950712829829,6078.90000000019,0.05071282963945123,0.000834236565406265,True,False
20220208_4,4,4,14241.67783500161,14241.600000001417,0.07783500019286294,0.0005465297073464809,True,False
20220208_5,4,4,14283.547063241713,14281.700000001421,1.8470632402913907,0.012931404448162273,False,False
20220209_0,4,4,14269.349335483275,14269.400000001418,-0.05066451814309403,-0.0003550583628722838,True,False
20220209_1,4,5,14230.398737057112,14230.400000001413,-0.0012629443008336239,-8.874974792834261e-06,True,False
20220209_2,4,5,12619.310194579884,12619.400000001171,-0.08980542128665547,-0.0007116507947100609,True,False
20220209_3,2,3,6300.215336959809,6300.200000000223,0.015336959586420562,0.0002434354822199056,True,False
20220209_4,4,4,14274.51588360127,14274.500000001422,0.01588359984816634,0.00011127242407158343,True,False
20220209_5,4,4,14295.794151560403,14295.700000001423,0.09415155898022931,0.0006585962135580454,True,False
20220210_0,4,4,14269.997390080243,14269.90000000142,0.09739007882308215,0.0006824814059936874,True,False
20220210_1,4,5,14140.573159349151,14140.6000000014,-0.026840652248210972,-0.00018981304326030847,True,False
20220210_2,4,5,12457.529444270767,12457.500000001148,0.029444269619489205,0.0002363572147367523,True,False
20220210_3,2,2,6499.924001516775,6499.9000000002525,0.024001516522730526,0.0003692584177465722,True,False
20220210_4,4,4,14253.723335824907,14253.800000001418,-0.07666417651125812,-0.000537853687103443,True,False
20220210_5,4,5,14221.348821977153,14220.600000001414,0.7488219757397019,0.005265477874943196,False,False
20220211_0,4,5,14190.921840816736,14190.90000000141,0.021840815326868324,0.00015390695242960557,True,False
20220211_1,4,4,14264.264874276705,14264.200000001418,0.06487427528736589,0.0004548027946701702,True,False
20220211_2,4,6,12081.728557543829,12081.900000001091,-0.1714424572619464,-0.001419022588079069,True,False
20220211_3,2,2,6779.890504362993,6779.800000000295,0.09050436269808415,0.0013348941644388329,True,False
20220211_4,4,4,14287.106813094579,14287.000000001424,0.10681309315441467,0.0007476187765077611,True,False
20220211_5,4,4,14267.743630427867,14267.700000001421,0.04363042644581583,0.00030579766202672805,True,False
20220212_0,4,5,14196.387351304293,14196.20000000141,0.18735130288223445,0.0013197111225978315,True,False
20220212_1,4,4,14244.455552031286,14244.400000001415,0.05555202987125085,0.0003899905452218497,True,False
20220212_2,4,5,11950.56777165737,11950.400000001073,0.16777165629719093,0.0014038802130814864,True,False
20220212_3,2,2,7007.912597246468,7007.90000000033,0.01259724613828439,0.00017975746648487125,True,False
20220212_4,4,6,14168.697722023353,14168.600000001405,0.097722021948357,0.000689703626018227,True,False
20220212_5,2,2,7121.687167463824,7121.700000000346,-0.012832536522182636,-0.0001801895564973624,True,False
20220213_0,4,4,14311.238764529116,14311.300000001425,-0.061235472308908356,-0.0004278838003924756,True,False
20220213_1,4,4,14327.49879816547,14327.60000000143,-0.10120183595972776,-0.0007063468466155859,True,False
20220213_2,4,7,11648.239716771059,11648.100000001024,0.1397167700342834,0.0011994668158581945,True,False
20220213_3,3,3,7183.356350543909,7183.300000000356,0.056350543552980525,0.0007844598096363935,True,False
20220213_4,4,5,14213.025014405139,14213.000000001412,0.02501440372725483,0.0001759963392866917,True,False
20220213_5,4,4,14286.250998359174,14286.300000001424,-0.04900164225000481,-0.00034299860933167714,True,False
20220214_0,4,4,14318.89507106971,14318.900000001426,-0.0049289317157672485,-3.442257025631676e-05,True,False
20220214_1,4,6,14134.569288021885,14134.500000001399,0.06928802048605576,0.0004902025599377322,True,False
20220214_2,3,3,3771.613476262428,3771.699999999904,-0.08652373747599995,-0.0022940775352659616,True,False
20220214_5,4,4,14217.099600029178,14217.20000000141,-0.10039997223248065,-0.0007061916639612949,True,False
20220215_0,4,4,14263.806876610033,14263.800000001418,0.006876608615129953,4.821019153313342e-05,True,False
20220215_1,4,4,14231.024260469712,14231.000000001415,0.024260468297143234,0.00017047591131253182,True,False
20220215_2,4,4,11243.139763455838,11243.200000000965,-0.06023654512682697,-0.0005357626641146714,True,False
20220215_5,4,4,14245.65906089265,14245.700000001416,-0.04093910876508744,-0.00028737953498742615,True,False
20220216_0,4,4,14213.275082199834,14213.200000001412,0.0750821984220238,0.0005282540300374112,True,False
20220216_1,4,4,14260.708834044635,14260.800000001418,-0.09116595678278827,-0.0006392806826344248,True,False
20220216_2,3,4,6158.979579317382,6159.000000000201,-0.020420682819349167,-0.0003315595149547882,True,False
20220216_5,4,4,14298.174659418873,14298.200000001427,-0.025340582553326385,-0.00017722949367270012,True,False
20220217_0,4,4,14298.729114769958,14298.700000001425,0.029114768532963353,0.00020361787610123392,True,False
20220217_1,4,5,14231.474992912263,14231.400000001415,0.07499291084786819,0.0005269510777007801,True,False
20220217_2,2,2,6809.902737219818,6809.9000000003,0.0027372195181669667,4.0194693284040245e-05,True,False
20220217_5,4,4,14272.37803938333,14272.200000001421,0.17803938190809276,0.0012474402052468712,True,False
20220218_0,4,4,14304.490820341744,14304.500000001424,-0.00917965968073986,-6.417327114982588e-05,True,False
20220218_1,4,4,14279.176993528381,14279.200000001423,-0.02300647304218728,-0.00016111904105267616,True,False
20220218_2,3,4,10488.701609917916,10488.600000000852,0.10160991706470668,0.0009687559132068957,True,False
20220218_3,3,3,8398.206261964515,8398.200000000537,0.0062619639775221,7.456311243369363e-05,True,False
20220218_4,4,8,11837.654687790202,11837.800000001056,-0.145312210854172,-0.0012275422343925309,True,False
20220218_5,4,6,14019.235876807943,14019.100000001383,0.13587680656019074,0.0009692169227637584,True,False
20220219_0,4,5,14147.5675805239,14147.600000001403,-0.03241947750211693,-0.00022915230704921222,True,False
20220219_1,4,4,14258.49593365565,14258.500000001419,-0.0040663457693881355,-2.8518756734993086e-05,True,False
20220219_2,2,2,7123.310304153711,7123.300000000347,0.010304153363904334,0.00014465400107441375,True,False
20220219_5,4,4,14268.351609050296,14268.40000000142,-0.04839095112401992,-0.0003391488551019863,True,False
20220220_0,4,4,14236.812446988188,14236.700000001414,0.11244698677364795,0.0007898326060861764,True,False
20220220_1,4,5,14157.79465364758,14157.900000001402,-0.10534635382282431,-0.0007440873130313636,True,False
20220220_2,3,3,10106.658993568271,10106.600000000795,0.05899356747613638,0.0005837098838862478,True,False
20220220_3,3,3,8838.914354215376,8838.900000000605,0.014354214770719409,0.0001623979393337342,True,False
20220220_4,4,5,14147.821037331594,14147.900000001402,-0.07896266980787914,-0.0005581260153031467,True,False
20220220_5,4,5,14195.106186205521,14195.100000001408,0.006186204112964333,4.357983682415806e-05,True,False
20220221_0,4,5,14178.216046351008,14178.100000001405,0.11604634960349358,0.0008184834341931189,True,False
20220221_1,4,6,14074.525695852935,14074.50000000139,0.025695851545606274,0.00018256992882664292,True,False
20220221_2,3,4,3824.2018162971362,3824.2999999999015,-0.09818370276525457,-0.0025674299496129364,True,False
20220221_4,4,4,14169.861514493823,14169.800000001405,0.06151449241770024,0.0004341220438518708,True,False
20220221_5,4,4,14212.7828580793,14212.70000000141,0.08285807788888633,0.0005829827889179733,True,False
20220222_0,4,5,14176.366992434487,14176.200000001405,0.16699243308175937,0.0011779635302251864,True,False
20220222_1,4,5,14157.773446384817,14157.700000001403,0.0734463834141934,0.0005187707212036785,True,False
20220222_2,3,3,9699.30167470593,9699.300000000732,0.001674705197729054,1.726624507511082e-05,True,False
20220222_5,4,4,14278.614116250537,14276.50000000142,2.114116249116705,0.014806172587230455,False,False
20220223_0,4,6,14065.609218995085,14065.500000001392,0.10921899369350285,0.0007764967161607663,True,False
20220223_1,4,4,14269.145638891496,14269.200000001418,-0.054361109921956086,-0.0003809696200296064,True,False
20220223_2,3,3,9401.408308348618,9401.500000000688,-0.09169165206913021,-0.0009752969880874804,True,False
20220223_3,3,3,9654.144937265664,9654.200000000727,-0.0550627350621653,-0.0005703533085526752,True,False
20220223_4,4,4,14253.806521603838,14253.800000001418,0.006521602419525152,4.575340916575975e-05,True,False
20220223_5,4,4,14292.100571212359,14292.200000001423,-0.09942878906440455,-0.0006956905219704195,True,False
20220224_0,4,6,14123.444074275903,14123.500000001399,-0.05592572549539909,-0.00039597795835975196,True,False
20220224_1,4,4,14254.154354031198,14254.10000000142,0.054354029778551194,0.00038132062014032704,True,False
20220224_2,3,3,9184.673353750259,9184.600000000657,0.07335374960166519,0.0007986538745192674,True,False
20220224_3,3,3,9786.902412213385,9786.900000000747,0.002412212637864286,2.4647355580597284e-05,True,False
20220224_4,4,4,14217.87083717063,14218.000000001413,-0.12916283078266133,-0.0009084541016154347,True,False
20220224_5,4,5,14156.768687954172,14156.800000001405,-0.031312047232859186,-0.00022118075051619823,True,False
20220225_0,4,4,14380.302097555248,14380.200000001438,0.10209755381038121,0.0007099819817258117,True,False
20220225_1,4,4,14224.530921620317,14224.600000001414,-0.06907838109691511,-0.00048562853480054434,True,False
20220225_2,3,3,8952.870124415495,8952.900000000622,-0.029875585127228987,-0.00033369840857799186,True,False
20220225_3,3,5,9903.459761291742,9903.500000000762,-0.04023870901983173,-0.0004063096129002018,True,False
20220225_4,4,4,14202.900464111008,14203.000000001412,-0.09953589040378574,-0.0007008138278184851,True,False
20220225_5,4,4,14317.810828308575,14317.300000001427,0.5108283071476762,0.0035677822068838063,False,False
20220226_0,4,4,14245.6830392126,14244.600000001417,1.0830392111820402,0.007602578326366462,False,False
20220226_1,4,4,14261.600349401124,14261.600000001417,0.00034939970646519214,2.449933372869085e-06,True,False
20220226_2,3,4,8685.338819283059,8685.40000000058,-0.06118071752098331,-0.0007044137113586265,True,False
20220226_5,4,4,14218.823065585457,14218.800000001413,0.02306558404416137,0.00016221865858917804,True,False
20220227_0,4,4,14261.354329437017,14261.30000000142,0.05432943559753767,0.0003809556535973283,True,False
20220227_1,4,7,13961.581024574116,13961.500000001375,0.0810245727407164,0.0005803395231392712,True,False
20220227_2,3,3,7716.250707884319,7716.300000000435,-0.04929211611579376,-0.0006388091572170926,True,False
20220227_3,3,3,10504.07065814361,10504.000000000855,0.07065814275483717,0.0006726739095196131,True,False
20220227_4,4,4,14275.507172732614,14275.600000001421,-0.09282726880701375,-0.0006502554878352864,True,False
20220227_5,4,4,14211.096677952446,14211.00000000141,0.0966779510363267,0.0006802990172202262,True,False
20220228_0,4,4,14248.41360929422,14248.300000001416,0.11360929280454002,0.0007973469602990246,True,False
20220228_1,4,4,14248.881976422854,14248.900000001417,-0.018023578562861076,-0.00012649117729155232,True,False
20220228_2,3,3,4105.3849490359435,4105.399999999892,-0.015050963948851859,-0.0003666151685090149,True,False
20220228_4,4,4,14251.93009909708,14251.900000001418,0.0300990956620808,0.00021119311877615583,True,False
20220228_5,4,4,14219.401694764383,14219.30000000141,0.10169476297232904,0.0007151831360792999,True,False
20220301_0,4,5,14188.148521143012,14188.100000001406,0.048521141605306184,0.0003419836036604815,True,False
20220301_1,4,4,14243.021954898722,14243.000000001417,0.02195489730547706,0.0001541449376052245,True,False
20220301_2,3,3,7920.353817776777,7920.300000000465,0.05381777631191653,0.0006794870222984943,True,False
20220301_3,4,5,10890.78800836578,10890.800000000912,-0.011991635132289957,-0.00011010805759030989,True,False
20220301_4,4,5,14147.224146709777,14147.200000001401,0.024146708376065362,0.00017068159891763055,True,False
20220301_5,4,4,14242.905361158773,14242.800000001416,0.10536115735703788,0.0007397448391699902,True,False
20220302_0,4,4,14248.108201450668,14248.200000001416,-0.091798550747626,-0.0006442858900964799,True,False
20220302_1,4,5,14133.52228354197,14133.6000000014,-0.07771645942921168,-0.0005498732578481868,True,False
20220302_2,3,3,7749.196277023292,7749.100000000441,0.09627702285160922,0.001242413011747745,True,False
20220302_3,4,6,11132.512985961512,11132.500000000948,0.012985960564037669,0.00011664895949740565,True,False
20220302_4,4,4,14278.074471093714,14278.100000001421,-0.02552890770675731,-0.00017879797278296287,True,False
20220302_5,4,4,14231.076731393114,14231.100000001416,-0.023268608301805216,-0.00016350560636410396,True,False
20220303_0,4,5,14176.75618766807,14176.800000001405,-0.04381233333515411,-0.00030904342823688487,True,False
20220303_1,4,4,14273.719996749423,14273.800000001422,-0.08000325199827785,-0.0005604933543357801,True,False
20220303_2,3,5,7415.157720353454,7415.200000000389,-0.04227964693473041,-0.0005701786601069773,True,False
20220303_3,4,4,11467.485527833924,11467.600000000999,-0.11447216707529151,-0.0009982324965437648,True,False
20220303_4,4,5,14177.559980330989,14177.500000001406,0.059980329582685954,0.0004230652500564181,True,False
20220303_5,4,4,14288.344488688745,14288.400000001422,-0.05551131267748133,-0.00038850765896235507,True,False
20220304_0,4,5,14158.306441130117,14158.300000001404,0.006441128713049693,4.549363823866749e-05,True,False
20220304_1,4,6,14175.86331947241,14175.900000001408,-0.03668052899774921,-0.00025875340479167633,True,False
20220304_2,3,3,7265.000894875267,7265.000000000367,0.000894874899131537,1.231761581423592e-05,True,False
20220304_3,4,5,11618.577984301373,11618.500000001022,0.0779843003510905,0.0006712034851120355,True,False
20220304_4,4,5,14165.366769838147,14165.500000001406,-0.13323016325921344,-0.000940534512264773,True,False
20220304_5,3,3,10735.667449375615,10735.60000000089,0.06744937472467427,0.0006282736964677228,True,False
20220305_0,4,5,14215.907095558941,14216.000000001412,-0.09290444247017149,-0.0006535245471546089,True,False
20220305_1,4,5,14226.162653742358,14226.200000001414,-0.03734625905599387,-0.00026251815029100273,True,False
20220305_2,3,3,7053.935600607656,7053.900000000336,0.0356006073197932,0.0005046914139211366,True,False
20220305_3,4,4,11923.03068190813,11923.00000000107,0.030681907061079983,0.0002573331217509685,True,False
20220305_4,4,9,13921.037324122155,13921.000000001368,0.03732412078716152,0.0002681130717355873,True,False
20220305_5,4,5,14235.389422997832,14235.400000001413,-0.01057700358069269,-7.43007673791145e-05,True,False
20220306_0,4,4,14307.41449878551,14307.500000001424,-0.08550121591360949,-0.0005976007469474466,True,False
20220306_1,4,7,14048.458242067136,14048.400000001388,0.05824206574834534,0.00041457976914465605,True,False
20220306_2,3,3,6770.276103937067,6770.200000000294,0.07610393677350658,0.0011240891154978218,True,False
20220306_3,4,4,12094.088932941668,12094.100000001095,-0.011067059427659842,-9.150800435670337e-05,True,False
20220306_4,4,4,14263.58956550248,14263.60000000142,-0.0104344989395031,-7.315478962420294e-05,True,False
20220306_5,4,5,14213.648462039419,14213.800000001413,-0.15153796199410863,-0.0010661440122064585,True,False
20220307_0,4,5,14234.47573101148,14234.400000001415,0.07573101006528304,0.0005320252849235193,True,False
20220307_1,4,4,14294.034930691123,14293.900000001424,0.13493068969910382,0.0009439650200475609,True,False
20220307_2,2,3,6548.63115597982,6548.70000000026,-0.06884402044033777,-0.0010512734463212746,True,False
20220307_3,4,4,12373.466874682344,12373.500000001135,-0.03312531879055314,-0.0002677125103743694,True,False
20220307_4,4,6,14142.814766080119,14142.900000001402,-0.08523392128336127,-0.0006026658956729379,True,False
20220307_5,4,6,14197.492045070976,14197.600000001408,-0.10795493043224269,-0.0007603802846976908,True,False
20220308_0,4,5,14197.79667276889,14197.90000000141,-0.1033272325184953,-0.000727769490576485,True,False
20220308_1,4,4,14307.04324815888,14307.000000001426,0.04324815745349042,0.00030228578122915695,True,False
20220308_2,2,2,6330.967202573083,6331.000000000227,-0.032797427144032554,-0.000518047655194024,True,False
20220308_4,4,5,14242.477080691606,14242.500000001415,-0.022919309809367405,-0.00016092221654643842,True,False
20220308_5,4,5,14228.725842037238,14228.800000001414,-0.07415796417626552,-0.0005211848551974612,True,False
20220309_0,4,5,14244.85619799234,14244.900000001415,-0.043802009075079695,-0.0003074935153171509,True,False
20220309_1,4,4,14262.479687319137,14262.50000000142,-0.020312682283474714,-0.00014242041165909495,True,False
20220309_2,2,2,6152.014159946702,6152.000000000201,0.014159946501422382,0.00023016765132974037,True,False
20220309_3,4,6,9179.199927393347,9179.300000000654,-0.10007260730708367,-0.0010902105640867295,True,False
20220309_4,4,6,13846.277199173346,13846.300000001356,-0.022800828010076657,-0.0001646711797120306,True,False
20220309_5,4,5,14127.777568926103,14127.7000000014,0.07756892470388266,0.0005490525620568565,True,False
20220310_0,4,4,14229.540030565113,14229.500000001415,0.04003056369765545,0.0002813201523848953,True,False
20220310_1,4,4,14236.995400255546,14237.100000001416,-0.10459974586956378,-0.0007347037975982367,True,False
20220310_2,2,2,3609.24032824114,3609.19999999991,0.04032824123032697,0.001117360928136913,True,False
20220310_4,4,4,14287.064827932045,14287.200000001423,-0.1351720693783136,-0.0009461150418667124,True,False
20220310_5,4,4,14226.37519785203,14226.400000001415,-0.024802149384413497,-0.00017433920474808123,True,False
20220311_0,4,17,9746.412168396637,9746.10000000074,0.3121683958961512,0.003202905751394109,False,False
20220311_1,4,4,14216.789857693948,14216.700000001412,0.08985769253558828,0.0006320533217065063,True,False
20220311_2,2,2,5643.34794706665,5643.300000000124,0.0479470665259214,0.0008496209515283168,True,False
20220311_4,4,4,14245.164614520036,14245.200000001418,-0.03538548138203623,-0.00024840345717007693,True,False
20220311_5,4,5,14131.3903887989,14131.3000000014,0.09038879750005435,0.000639631310247434,True,False
20220312_0,4,4,14242.338876100257,14242.300000001414,0.03887609884259291,0.00027296147901543057,True,False
20220312_1,4,5,14131.755982269533,14131.600000001401,0.1559822681319929,0.0011037713100034894,True,False
20220312_2,2,2,5370.22536706645,5370.300000000083,-0.07463293363252888,-0.0013897542194453191,True,False
20220312_3,4,12,6776.714305160566,6777.000000000295,-0.28569483972842136,-0.004215831254843673,False,False
20220312_4,4,21,6431.057913322003,6431.500000000242,-0.44208667823932046,-0.006874245018436755,False,False
20220312_5,4,9,10387.399965408258,10387.300000000836,0.09996540742213256,0.0009623717942414244,True,False
20220313_0,4,4,14199.96657713782,14200.00000000141,-0.03342286358929414,-0.0002353728328002229,True,False
20220313_1,4,4,14232.952763512732,14233.000000001415,-0.04723648868275632,-0.0003318811596413829,True,False
20220313_2,2,2,5174.242195906118,5174.300000000054,-0.05780409393628361,-0.0011171509130751254,True,False
20220313_4,4,4,14239.273813390173,14239.200000001414,0.07381338875893562,0.0005183788845293767,True,False
20220313_5,4,5,14188.543653278612,14188.50000000141,0.04365327720188361,0.00030766566512128573,True,False
20220314_0,4,4,14271.976588130929,14271.90000000142,0.07658812950830907,0.0005366329536442935,True,False
20220314_1,4,6,14019.006718299352,14019.000000001382,0.006718297969200648,4.792278157931896e-05,True,False
20220314_2,2,2,4980.706690507941,4980.700000000024,0.0066905079165735515,0.0001343284865443711,True,False
20220314_4,4,5,14145.284756831825,14145.300000001402,-0.015243169576933724,-0.00010776148970469928,True,False
20220314_5,4,4,14245.21614687983,14245.300000001416,-0.0838531215867988,-0.0005886405704357486,True,False
20220315_0,4,5,14163.446591282263,14163.500000001404,-0.05340871914086165,-0.0003770884353370261,True,False
20220315_1,4,5,14088.821997935884,14088.800000001393,0.02199793449108256,0.00015613750031269767,True,False
20220315_2,2,3,4707.869524369016,4707.899999999982,-0.030475630966066092,-0.0006473338058397161,True,False
20220315_4,4,5,14171.880745142698,14171.900000001406,-0.019254858707427047,-0.00013586664362827424,True,False
20220315_5,4,7,13972.54279749468,13972.500000001375,0.04279749330453342,0.00030629709942421606,True,False
20220316_0,4,4,14262.053463771008,14262.100000001417,-0.04653623040940147,-0.0003262940398282373,True,False
20220316_1,4,5,14169.235284486786,14169.200000001405,0.03528448538054363,0.00024902180443834475,True,False
20220316_2,3,3,4674.0517674945295,4674.0999999999785,-0.04823250544905022,-0.001031920651467339,True,False
20220316_4,4,5,14145.758080808446,14145.800000001402,-0.04191919295590196,-0.00029633755021424936,True,False
20220316_5,4,5,14173.2766444562,14173.300000001404,-0.023355545203230577,-0.00016478578517244966,True,False
20220317_0,4,4,14290.086640021764,14290.200000001423,-0.11335997965943534,-0.0007932770634290758,True,False
20220317_1,4,5,14160.079837893136,14160.100000001403,-0.020162108266958967,-0.00014238696743081971,True,False
20220317_2,3,3,4276.960330386646,4276.899999999918,0.06033038672831026,0.0014105902806644986,True,False
20220317_4,4,4,14203.77897284925,14203.700000001409,0.07897284784121439,0.0005559988506732768,True,False
20220317_5,4,6,14026.048351800999,14026.000000001382,0.04835179961628455,0.00034472859641950394,True,False
20220318_0,4,6,14038.725457526743,14038.800000001387,-0.0745424746437493,-0.0005309775083875864,True,False
20220318_1,4,4,14247.32837579213,14247.300000001416,0.028375790714562754,0.00019916569595445363,True,False
20220318_2,3,3,4650.084968050942,4650.099999999975,-0.015031949033073033,-0.00032326181427548393,True,False
20220318_4,4,5,14099.10807358101,14099.200000001394,-0.09192642038397025,-0.0006520016720506066,True,False
20220318_5,4,4,14230.898450827226,14231.000000001413,-0.10154917418731202,-0.0007135823120247835,True,False
20220319_0,4,4,14206.993700936437,14206.900000001411,0.09370093502548116,0.0006595409063868662,True,False
20220319_1,4,4,14281.545989052393,14281.600000001421,-0.05401094902845216,-0.0003781869908891838,True,False
20220319_2,3,3,4661.0523937270045,4661.099999999976,-0.047606272971279395,-0.0010213631804557584,True,False
20220319_4,4,5,14166.224137321115,14166.200000001405,0.024137319709552685,0.00017038640272507463,True,False
20220319_5,4,4,14255.57155427523,14255.600000001417,-0.028445726187783293,-0.00019954111330774705,True,False
20220320_0,4,6,14089.594122720882,14089.400000001391,0.19412271949113347,0.0013777736803510267,True,False
20220320_1,4,5,14181.415351317264,14181.400000001406,0.015351315858424641,0.00010824953277317775,True,False
20220320_2,2,2,4745.699944929219,4745.699999999989,-5.507077003130689e-05,-1.1604351448757316e-06,True,False
20220320_4,4,5,14164.027381734923,14163.900000001404,0.12738173351863225,0.0008993327256829231,True,False
20220320_5,4,5,14201.428459421732,14201.500000001412,-0.07154057968000416,-0.000503756223427944,True,False
20220321_0,4,5,14174.702150328085,14174.600000001406,0.10215032667838386,0.000720652367824318,True,False
20220321_1,4,5,14180.51219789777,14180.500000001408,0.012197896361612948,8.601872902321017e-05,True,False
20220321_2,2,3,4720.631434000095,4720.599999999985,0.0314340001104938,0.0006658854975224733,True,False
20220321_4,4,4,14241.565382760018,14241.500000001417,0.06538275860111753,0.0004590981176849138,True,False
20220321_5,4,4,14273.650863650255,14273.600000001421,0.0508636488339107,0.00035634645487540775,True,False
20220322_0,4,5,14179.598416015506,14179.600000001406,-0.0015839859006518964,-1.1170879838619572e-05,True,False
20220322_1,4,4,14279.259433108382,14279.300000001422,-0.040566893039795104,-0.00028409661740394824,True,False
20220322_2,2,2,4646.1203974206,4646.099999999974,0.020397420626068197,0.000439020491965561,True,False
20220322_4,4,5,14238.136647711508,14238.200000001416,-0.0633522899079253,-0.00044494789926115714,True,False
20220322_5,4,6,13316.67518466711,13316.700000001278,-0.024815334167215042,-0.00018634782198327963,True,False
20220323_0,4,4,14199.398598424159,14199.300000001409,0.09859842275000119,0.0006943844985163216,True,False
20220323_1,3,3,9358.937512384728,9358.900000000682,0.03751238404584001,0.0004008188322253428,True,False
20220323_4,4,4,14200.790493912064,14200.600000001408,0.19049391065527743,0.0013414317374581574,True,False
20220323_5,4,4,14212.210249411874,14212.20000000141,0.010249410463075037,7.211693524938653e-05,True,False
20220324_0,4,6,14081.777875008993,14081.70000000139,0.07787500760241528,0.0005530197130904932,True,False
20220324_1,4,5,13804.096989543177,13804.10000000135,-0.0030104581728664925,-2.180843973457273e-05,True,False
20220324_2,2,2,4597.790106106549,4597.7999999999665,-0.00989389341793867,-0.00021518801836556458,True,False
20220324_4,4,5,14162.413868308067,14162.400000001404,0.013868306663425756,9.792332572951811e-05,True,False
20220324_5,4,5,13848.680494702421,13848.70000000136,-0.01950529893838393,-0.00014084590185935297,True,False
20220325_0,4,4,14170.814248966053,14170.800000001407,0.01424896464595804,0.00010055148840157642,True,False
20220325_1,4,4,14223.898259969428,14223.800000001413,0.09825996801555448,0.0006908089907538868,True,False
20220325_2,2,4,4440.425144811161,4440.399999999943,0.025144811217614915,0.0005662703546978553,True,False
20220325_4,4,5,14134.912672801875,14135.0000000014,-0.08732719952604384,-0.0006178120908668729,True,False
20220325_5,4,6,14109.066652762704,14109.000000001395,0.06665276130843267,0.0004724108472149103,True,False
20220326_0,4,5,14159.56104544457,14159.500000001404,0.06104544316622196,0.000431125251484131,True,False
20220326_1,4,4,14218.4530766448,14218.400000001413,0.05307664338761242,0.00037329407848731445,True,False
20220326_2,2,3,4550.319395726546,4550.299999999959,0.019395726586481032,0.0004262497837997179,True,False
20220326_4,4,4,14291.90603645984,14292.000000001424,-0.09396354158343456,-0.0006574598331651898,True,False
20220326_5,4,6,14111.820807005279,14111.800000001398,0.0208070038806909,0.0001474437931522065,True,False
20220327_0,4,5,14173.439914919434,14173.400000001404,0.039914918030262925,0.0002816177178572377,True,False
20220327_1,4,5,14162.996032973751,14163.000000001404,-0.0039670276528340764,-2.8009805577846613e-05,True,False
20220327_2,2,2,4681.7728424677625,4681.79999999998,-0.027157532217643165,-0.0005800694124093477,True,False
20220327_4,4,4,14227.50336388126,14227.500000001415,0.0033638798449828755,2.3643500612501066e-05,True,False
20220327_5,4,4,14276.485256594606,14276.50000000142,-0.014743406814886839,-0.00010327056379704208,True,False
20220328_0,4,4,14277.797247818671,14277.900000001422,-0.10275218275091902,-0.0007196641118196104,True,False
20220328_1,4,5,14183.132025646046,14183.100000001406,0.03202564463936142,0.00022580093438778125,True,False
20220328_2,2,3,4574.010956520216,4573.999999999963,0.010956520252875634,0.000239538565976918,True,False
20220328_4,4,5,14218.681113026105,14218.700000001412,-0.018886975307395915,-0.0001328321182341804,True,False
20220328_5,4,4,14274.817547248676,14274.80000000142,0.01754724725651613,0.00012292449412005396,True,False
20220329_0,4,6,14060.7152572833,14060.80000000139,-0.08474271809063794,-0.0006026913747986051,True,False
20220329_1,4,7,13985.24229673203,13985.200000001378,0.04229673065310635,0.0003024383114405529,True,False
20220329_2,2,2,4633.803429803811,4633.799999999972,0.0034298038390261354,7.401703354454439e-05,True,False
20220329_4,4,4,14282.44295034092,14282.400000001424,0.0429503394952917,0.00030072123966906156,True,False
20220329_5,4,6,14114.065035805106,14114.000000001397,0.06503580370917916,0.0004607871902545002,True,False
20220330_0,4,6,14131.382017792203,14131.300000001398,0.08201779080445704,0.0005803946896431789,True,False
20220330_1,4,6,14150.671788817272,14150.800000001402,-0.128211184130123,-0.0009060430914060443,True,False
20220330_2,3,4,4587.964715575799,4587.9999999999645,-0.035284424165183736,-0.0007690648545180773,True,False
20220330_4,4,6,14182.739330129698,14182.900000001408,-0.1606698717096151,-0.0011328550005025428,True,False
20220330_5,4,7,13588.921016128734,13588.900000001317,0.021016127417169628,0.0001546563365275692,True,False
20220331_0,4,4,14210.708194342442,14210.600000001412,0.10819434102995729,0.0007613578405123507,True,False
20220331_1,4,4,14241.288818931207,14241.200000001416,0.08881892979115946,0.000623671992896393,True,False
20220331_4,4,6,13232.42822913453,13232.300000001265,0.12822913326454,0.0009690521727691007,True,False
20220331_5,4,8,13252.523858542554,13252.500000001268,0.023858541286244872,0.00018003017041063991,True,False
20220401_0,4,5,14085.11335530784,14085.100000001394,0.013355306446101167,9.481859399497377e-05,True,False
20220401_1,4,4,14221.618150128052,14221.700000001412,-0.08184987336062477,-0.000575531367082077,True,False
20220401_2,3,3,4599.945463053882,4599.799999999967,0.14546305391468195,0.003162277794009099,True,False
20220401_4,4,4,14244.422834948637,14244.400000001415,0.022834947221781476,0.00016030798500137205,True,False
20220401_5,4,7,13268.197197513655,13268.300000001269,-0.10280248761409894,-0.0007748037362103966,True,False
20220402_0,4,5,14111.243763263337,14111.300000001394,-0.05623673805712315,-0.0003985243186254615,True,False
20220402_1,4,5,14099.027207493782,14099.100000001396,-0.07279250761348521,-0.0005162945396317501,True,False
20220402_2,3,4,4638.768435060047,4638.699999999973,0.06843506007317046,0.001475285111365655,True,False
20220402_4,4,7,13493.860898190178,13493.700000001303,0.16089818887485308,0.0011923806691710676,True,False
20220402_5,4,4,14210.178003972396,14210.200000001414,-0.021996029017827823,-0.00015479066491411243,True,False
20220403_0,4,4,14194.185212650336,14194.000000001412,0.1852126489247894,0.0013048487542611578,True,False
20220403_1,4,4,14207.314028358087,14207.20000000141,0.11402835667649924,0.0008026031975424512,True,False
20220403_2,3,3,4603.300520544873,4603.299999999967,0.0005205449051572941,1.1308079992476343e-05,True,False
20220403_4,4,4,14253.974044206552,14254.000000001417,-0.025955794864785275,-0.0001820951461275802,True,False
20220403_5,4,6,13999.658702267336,13999.60000000138,0.05870226595652639,0.00041931212185207896,True,False
20220404_0,4,4,14188.759698928334,14188.700000001409,0.05969892692519352,0.0004207480300741335,True,False
20220404_1,4,4,14224.233306432143,14224.200000001414,0.033306430728771375,0.00023415273084497523,True,False
20220404_2,3,3,4602.131518512033,4601.999999999967,0.1315185120656679,0.002857773871447086,True,False
20220404_4,4,5,14106.060151266865,14106.000000001395,0.06015126547026739,0.0004264214445793725,True,False
20220404_5,4,5,14071.925466042012,14071.900000001391,0.025466040620813146,0.00018097054793437547,True,False
20220405_0,4,5,14076.643045060337,14076.50000000139,0.1430450589468819,0.0010161873004024076,True,False
20220405_1,4,4,14048.63630386535,14048.700000001387,-0.06369613603601465,-0.0004533972882370743,True,False
20220405_2,2,2,4796.099252882414,4795.999999999996,0.09925288241720409,0.002069450134034528,True,False
20220405_4,4,7,13114.330592821352,13114.300000001247,0.030592820105084684,0.00023327778637691866,True,False
20220405_5,4,7,13886.997182993218,13887.100000001363,-0.10281700814448413,-0.0007403833009370774,True,False
20220406_0,4,7,13834.448053291999,13834.500000001355,-0.05194670935634349,-0.0003754881232430695,True,False
20220406_1,4,5,13791.819457313977,13791.900000001346,-0.08054268736850645,-0.0005839888465607316,True,False
20220406_4,3,4,8315.678001847116,8315.400000000525,0.27800184659099614,0.003343104994316099,False,False
20220406_5,4,4,14209.34018602129,14209.300000001413,0.04018601987809234,0.0002828141162925081,True,False
20220407_0,4,4,14239.022309146821,14239.000000001417,0.022309145404506125,0.00015667610401997364,True,False
20220407_1,4,4,13600.690610683523,13600.60000000132,0.09061068220398738,0.0006662211853625395,True,False
20220407_4,1,1,3249.998836708255,3044.0999999999312,205.89883670832387,6.335351089444311,False,True
20220407_5,4,6,14007.995378784835,14008.000000001382,-0.004621216547093354,-3.2989849169226633e-05,True,False
20220408_0,4,4,14215.167316328734,14215.200000001412,-0.0326836726781039,-0.0002299211254485953,True,False
20220408_1,4,6,13038.130042422563,13038.100000001235,0.030042421327379998,0.00023041970918858803,True,False
20220408_4,4,6,13037.221256364137,12196.500000001108,840.7212563630292,6.448623060321463,False,True
20220408_5,4,6,13966.433439287357,13966.400000001373,0.0334392859840591,0.00023942609349352506,True,False
20220409_0,4,4,14182.763119228184,14182.900000001406,-0.13688077322149184,-0.0009651206331995819,True,False
20220409_1,4,4,13178.489372134209,13178.500000001257,-0.010627867048242479,-8.064556375266351e-05,True,False
20220409_2,2,2,5808.972214674577,5808.900000000149,0.07221467442832363,0.0012431575115111676,True,False
20220409_3,4,4,14203.140245424584,14203.100000001412,0.04024542317165469,0.0002833558105899813,True,False
20220409_4,4,5,14080.715295276605,14080.700000001392,0.01529527521233831,0.00010862569756998874,True,False
20220409_5,4,4,14195.52451337222,14195.500000001408,0.024513370812201174,0.00017268379755259848,True,False
20220410_0,4,6,14020.018408773467,14020.000000001382,0.018408772084512748,0.00013130348012234334,True,False
20220410_1,4,5,12808.067469508387,12808.1000000012,-0.032530492813748424,-0.0002539843960940428,True,False
20220410_2,2,2,6089.202847424895,6089.200000000191,0.002847424703759316,4.676186317168729e-05,True,False
20220410_3,4,4,14308.252665004693,14308.300000001425,-0.04733499673238839,-0.0003308230420627176,True,False
20220410_4,4,4,14288.6283460306,14288.700000001423,-0.07165397082280833,-0.0005014755026693231,True,False
20220410_5,4,5,14202.457864419557,14202.40000000141,0.05786441814780119,0.0004074253815796556,True,False
20220411_0,4,5,14206.78799834568,14206.70000000141,0.08799834427009046,0.0006194105541684544,True,False
20220411_1,4,4,12713.017776980996,12713.000000001186,0.017776979810150806,0.0001398328872184773,True,False
20220411_2,2,4,6221.529550594278,6221.50000000021,0.029550594067586644,0.00047497313686734776,True,False
20220411_3,4,6,14127.545117586851,14127.400000001398,0.14511758545268094,0.0010271960503033858,True,False
20220411_4,4,4,14237.481758510694,14237.500000001417,-0.018241490723085008,-0.00012812301383410623,True,False
20220411_5,4,4,14320.245575462468,14320.300000001429,-0.05442453896102961,-0.0003800531120380035,True,False
20220412_0,4,5,14209.176067519002,14209.20000000141,-0.023932482408781652,-0.0001684297688694936,True,False
20220412_1,4,5,12329.96037597768,12329.900000001131,0.06037597654903948,0.0004896688611154768,True,False
20220412_2,2,4,5949.931297847069,5950.00000000017,-0.0687021531011851,-0.0011546713678197323,True,False
20220412_3,4,4,14234.131702501327,14234.200000001416,-0.06829750008910196,-0.0004798150074521245,True,False
20220412_4,4,6,14020.131493429653,14019.900000001382,0.2314934282712784,0.0016511501934184047,False,False
20220412_5,4,4,14176.400150195695,14176.400000001406,0.00015019428974483162,1.059467059010452e-06,True,False
20220413_0,4,4,14196.856037154794,14196.800000001409,0.05603715338475013,0.00039471523299309716,True,False
20220413_1,4,4,12163.155395979993,12163.200000001103,-0.044604021109989844,-0.00036671422552680516,True,False
20220413_2,2,2,6729.926770390011,6729.900000000287,0.026770389724333654,0.0003977812929869705,True,False
20220413_3,4,4,14218.739586230367,14218.700000001412,0.03958622895515873,0.00027840884710691663,True,False
20220413_4,4,4,14268.12730114907,14265.800000001418,2.3273011476521788,0.01631118855706279,False,False
20220413_5,4,4,14211.591667472385,14211.700000001412,-0.10833252902739332,-0.0007622828713503341,True,False
20220414_0,4,4,14184.000916779041,14184.000000001408,0.0009167776333924849,6.463462874625014e-06,True,False
20220414_1,4,6,11879.912554915063,11880.000000001062,-0.08744508599920664,-0.0007360751654946154,True,False
20220414_2,2,2,6938.604531716556,6938.700000000318,-0.09546828376187477,-0.0013759003460348052,True,False
20220414_3,4,4,14237.988550169393,14238.000000001415,-0.011449832021753537,-8.0417482999151e-05,True,False
20220414_4,4,5,14185.243419720791,14185.200000001407,0.043419719384473865,0.0003060907599520664,True,False
20220414_5,4,5,14162.008515070193,14162.000000001402,0.00851506879007502,6.0126138047536794e-05,True,False
20220415_0,4,4,14234.733136952855,14234.700000001414,0.033136951440610574,0.00023278941109607627,True,False
20220415_1,4,4,11692.741887504235,11692.800000001032,-0.058112496797548374,-0.0004969963192264755,True,False
20220415_2,3,3,6934.710198710673,6934.700000000318,0.010198710354416107,0.00014706757834397017,True,False
20220415_3,4,5,14148.828302160837,14148.900000001402,-0.0716978405653208,-0.0005067404807956498,True,False
20220415_4,4,5,14121.166276582517,14121.200000001398,-0.033723418880981626,-0.00023881468584436978,True,False
20220415_5,4,4,14232.747984398156,14232.700000001416,0.047984396740503144,0.0003371407741716731,True,False
20220416_0,4,4,14232.746638474055,14232.700000001414,0.04663847264055221,0.00032768427503991946,True,False
20220416_1,4,5,11447.372635267675,11447.500000000995,-0.12736473332006426,-0.0011126110538908483,True,False
20220416_2,3,3,7469.323570816778,7469.400000000399,-0.07642918362125783,-0.0010232410324259153,True,False
20220416_3,4,4,14250.944449519739,14250.900000001417,0.04444951832192601,0.0003119057721358529,True,False
20220416_4,4,5,14170.458325906657,14170.600000001405,-0.14167409474794113,-0.0009997848445658973,True,False
20220416_5,4,5,14205.036810273305,14205.000000001412,0.036810271893045865,0.00025913535026128267,True,False
20220417_0,4,4,14264.377858978696,14264.40000000142,-0.022141022724099457,-0.0001552189863658359,True,False
20220417_1,4,5,11213.086753059179,11213.10000000096,-0.013246941782199428,-0.00011813822610964255,True,False
20220417_2,3,5,7479.968825890682,7480.1000000004,-0.13117410971790378,-0.0017536718771322438,True,False
20220417_3,4,4,14243.088000733405,14243.100000001417,-0.011999268012004904,-8.424625342051554e-05,True,False
20220417_4,4,5,14096.160054090433,14096.100000001396,0.060054089037294034,0.0004260315490662118,True,False
20220417_5,4,4,14251.672948384658,14251.70000000142,-0.027051616762037156,-0.0001898136230041912,True,False
20220418_0,4,4,14219.377576257102,14219.400000001413,-0.02242374431079952,-0.00015769849411862946,True,False
20220418_1,4,4,11023.440198856406,11023.400000000933,0.040198855473136064,0.0003646670617155103,True,False
20220418_2,3,3,7820.733903232031,7820.700000000451,0.033903231579643034,0.00043350447667874284,True,False
20220418_3,4,4,14214.830328617245,14214.800000001413,0.030328615832331707,0.0002133589718005585,True,False
20220418_4,4,4,14239.842208265327,14239.900000001417,-0.057791736089711776,-0.0004058453404502427,True,False
20220418_5,4,4,14187.576947850175,14187.600000001408,-0.023052151233059703,-0.00016248124198933606,True,False
20220419_0,4,4,14248.720627720468,14248.800000001418,-0.07937228095033788,-0.0005570484749060308,True,False
20220419_1,4,6,10751.463593705557,10751.400000000891,0.06359370466634573,0.0005914888155653213,True,False
20220419_2,3,4,7990.526642999612,7990.400000000477,0.12664299913467403,0.001584914296551707,True,False
20220419_3,4,4,14225.736312009394,14225.700000001414,0.03631200798008649,0.00025525573638977004,True,False
20220419_4,4,4,14189.147619274445,14189.100000001408,0.047619273036616505,0.00033560347890052814,True,False
20220419_5,4,4,14156.579882651567,14156.500000001404,0.07988265016319929,0.0005642793021010174,True,False
20220420_0,4,4,14235.332401329653,14235.300000001414,0.03240132823884778,0.00022761202426029286,True,False
20220420_1,3,3,10531.465870141983,10531.400000000858,0.06587014112483303,0.0006254603294265339,True,False
20220420_2,3,3,8305.74427919928,8305.800000000523,-0.05572080124329659,-0.0006708706573454533,True,False
20220420_3,4,4,14208.007520623505,14208.00000000141,0.007520622095398721,5.29322783964059e-05,True,False
20220420_4,4,4,14205.498784733936,14205.400000001411,0.09878473252501863,0.0006953978457354732,True,False
20220420_5,4,4,14255.890206363983,14256.000000001417,-0.10979363743354043,-0.0007701633208743945,True,False
20220421_0,4,5,14110.590409836732,14110.600000001396,-0.00959016466367757,-6.79643047181931e-05,True,False
20220421_1,3,3,10336.33817739319,10336.400000000831,-0.061822607640351634,-0.0005981093747064612,True,False
20220421_2,3,3,8517.473093303852,8517.400000000556,0.07309330329553632,0.0008581571376257096,True,False
20220421_3,4,4,14235.575500619598,14235.600000001416,-0.024499381817804533,-0.00017209969359326715,True,False
20220421_4,4,4,14232.933005900122,14233.000000001413,-0.06699410129112948,-0.0004706977912659164,True,False
20220421_5,4,6,14035.460739769042,14035.400000001386,0.06073976765583211,0.0004327593427961212,True,False
20220422_0,4,7,13916.425562649965,13916.400000001366,0.02556264859958901,0.00018368688485781957,True,False
20220422_1,3,3,10118.923553125933,10118.900000000796,0.02355312513645913,0.00023276314928956165,True,False
20220422_2,3,3,3841.243606153876,3841.299999999901,-0.05639384602500286,-0.0014681142829540133,True,False
20220422_4,4,4,14195.750903338194,14195.800000001409,-0.04909666321509576,-0.00034585464023287744,True,False
20220422_5,4,4,14249.468762869948,14249.400000001417,0.06876286853184865,0.0004825644357425105,True,False
20220423_0,4,4,14191.54689651914,14191.500000001408,0.04689651773151127,0.000330453882677257,True,False
20220423_1,3,4,9896.878902800381,9896.800000000763,0.07890279961793567,0.0007972493186272053,True,False
20220423_2,3,3,9066.330059571192,9066.400000000636,-0.06994042944461398,-0.000771430435303631,True,False
20220423_3,4,5,14120.512750279158,14120.600000001397,-0.08724972223899385,-0.0006178934418459341,True,False
20220423_4,4,5,14126.727220066823,14126.9000000014,-0.17277993457719276,-0.0012230712173146602,True,False
20220423_5,4,4,14209.62107302621,14209.60000000141,0.02107302479998907,0.00014830110311661653,True,False
20220424_0,4,4,14225.690407888032,14225.600000001416,0.09040788661695842,0.0006355254755637587,True,False
20220424_1,1,1,2796.134633710608,2796.0999999999403,0.03463371066754917,0.0012386281493745003,True,False
20220424_3,4,4,14200.81810830161,14200.900000001411,-0.08189169980141742,-0.0005766688875026476,True,False
20220424_4,4,5,14152.545301965436,14152.400000001402,0.14530196403393347,0.0010266843237997242,True,False
20220424_5,4,4,14216.73900615424,14216.700000001412,0.03900615282691433,0.0002743677914466115,True,False
20220425_0,4,4,14213.579125888646,14213.500000001413,0.07912588723229419,0.0005566922063153967,True,False
20220425_1,3,5,9185.566105647013,9185.600000000655,-0.03389435364260862,-0.00036899580551460386,True,False
20220425_2,3,4,9446.57871373929,9446.600000000695,-0.021286261404384277,-0.00022533302319733086,True,False
20220425_3,4,4,14326.024610828608,14325.900000001431,0.1246108271770936,0.0008698213954128213,True,False
20220425_4,4,4,14226.165169570595,14226.100000001412,0.06516956918312644,0.0004580965313303299,True,False
20220425_5,4,4,14240.556761319749,14240.600000001416,-0.04323868166648026,-0.0003036305559620065,True,False
20220426_0,4,4,14185.540708014742,14185.500000001408,0.04070801333364216,0.0002869683586374849,True,False
20220426_1,3,3,9165.670459438115,9165.700000000654,-0.02954056253838644,-0.00032229570841670177,True,False
20220426_2,3,4,9699.142729933374,9699.100000000733,0.04272993264021352,0.0004405537048995158,True,False
20220426_3,4,4,14226.642729341984,14226.600000001414,0.0427293405700766,0.00030034732285747737,True,False
20220426_4,4,4,14234.41442954354,14234.400000001415,0.014429542125071748,0.00010137081645679235,True,False
20220426_5,4,4,14224.878153693862,14224.900000001413,-0.02184630755073158,-0.00015357816998283824,True,False
20220427_0,4,5,14084.346931683831,14084.300000001393,0.046931682438298594,0.0003332187332926466,True,False
20220427_1,3,3,8928.20851255674,8928.200000000617,0.008512556121786474,9.534450399331864e-05,True,False
20220427_2,3,107,949.0913832094511,852.100000000009,96.99138320944212,10.219393508921732,False,True
20220427_5,4,4,14208.423770125955,14208.500000001412,-0.07622987545619253,-0.000536511837551399,True,False
20220428_0,4,5,14139.063278934918,14139.100000001401,-0.03672106648264162,-0.0002597135733691106,True,False
20220428_1,3,4,8630.026694736443,8630.100000000572,-0.07330526412806648,-0.0008494210588337605,True,False
20220428_2,3,112,1254.403954069127,1144.900000000004,109.50395406912298,8.729560658183999,False,True
20220429_0,4,5,14116.116835176945,14116.000000001397,0.1168351755477488,0.0008276722055501766,True,False
20220429_1,3,3,8363.54439065326,8363.600000000532,-0.0556093472714565,-0.0006649016813206986,True,False
20220429_2,3,112,2667.1825526515013,2520.599999999905,146.58255265159642,5.495782525492141,False,True
20220430_0,4,6,14054.404629673809,14054.400000001386,0.0046296724231069675,3.29410782249153e-05,True,False
20220430_1,3,3,8130.594302597456,8130.600000000497,-0.005697403041267535,-7.007363581586407e-05,True,False
20220501_0,4,4,14235.116145084612,14235.200000001414,-0.08385491680201085,-0.0005890708298222489,True,False
20220501_1,3,3,7979.393906914628,7979.400000000475,-0.006093085847169277,-7.636025891501922e-05,True,False
20220501_2,4,5,10366.471692407504,10366.400000000833,0.07169240667099075,0.0006915796309316978,True,False
20220501_3,4,4,14240.782331535593,14240.900000001417,-0.11766846582395374,-0.0008262781010519489,True,False
20220501_4,4,4,14200.650899391621,14200.700000001409,-0.04910060978727415,-0.00034576309308031577,True,False
20220501_5,4,4,14236.09465956688,14236.000000001417,0.09465956546227972,0.000664926496528084,True,False
20220502_0,4,4,14226.162203634158,14226.000000001412,0.16220363274624106,0.0011401784291817309,True,False
20220502_1,3,3,7736.329834791832,7736.300000000439,0.029834791393113846,0.000385645286980149,True,False
20220502_2,4,7,10963.121854607016,10963.100000000923,0.021854606093256734,0.00019934655824401702,True,False
20220502_3,4,5,14177.234661486,14177.300000001407,-0.06533851540734759,-0.0004608692524843845,True,False
20220502_4,4,4,14231.975017231889,14231.900000001413,0.07501723047607811,0.0005271034440774961,True,False
20220502_5,4,4,14254.204141907394,14254.200000001418,0.004141905976212001,2.9057434108403063e-05,True,False
20220503_0,4,4,14251.285874820314,14251.300000001418,-0.014125181103736395,-9.911513408550224e-05,True,False
20220503_1,3,4,7379.8027521930635,7379.700000000385,0.10275219267805369,0.0013923433474901305,True,False
20220503_2,4,5,11434.693304146638,11434.700000000994,-0.006695854355712072,-5.855735853697021e-05,True,False
20220503_3,4,4,14220.124901086092,14220.300000001414,-0.17509891532245092,-0.0012313458323356737,True,False
20220503_4,4,4,14249.467309447937,14249.500000001419,-0.03269055348209804,-0.0002294159688371155,True,False
20220503_5,4,4,14205.186995537952,14205.20000000141,-0.013004463458855753,-9.154728806414613e-05,True,False
20220504_0,4,5,14210.851770057343,14210.80000000141,0.05177005593213835,0.0003642994576948532,True,False
20220504_1,3,3,7287.327426485717,7287.40000000037,-0.07257351465250395,-0.0009958865631416018,True,False
20220504_2,4,5,11541.719993040899,11541.700000001008,0.019993039890323416,0.00017322409400313173,True,False
20220504_3,4,5,14257.257504947484,14257.200000001418,0.05750494606581924,0.0004033380616564171,True,False
20220504_4,4,6,14036.342220730148,14036.200000001383,0.14222072876509628,0.0010132321264941216,True,False
20220504_5,4,4,14252.814588113688,14252.700000001416,0.11458811227203114,0.0008039683078989418,True,False
20220505_0,4,5,14096.780943777412,14096.700000001396,0.08094377601628366,0.0005742004244736014,True,False
20220505_1,2,2,7047.663014684804,7047.700000000335,-0.03698531553163775,-0.0005247883653712388,True,False
20220505_2,4,4,11795.966493571177,11796.000000001048,-0.03350642987061292,-0.0002840498901796134,True,False
20220505_3,4,4,14203.344089118764,14203.40000000141,-0.055910882645548554,-0.00039364590687049605,True,False
20220505_4,4,4,14264.499807497486,14264.50000000142,-0.00019250393415859435,-1.3495316117387683e-06,True,False
20220505_5,4,4,14194.834941322915,14194.800000001409,0.03494132150626683,0.0002461551800405113,True,False
20220506_0,4,8,12775.752187636679,12775.800000001194,-0.04781236451526638,-0.0003742430489653302,True,False
20220506_1,2,3,5820.353450719267,5820.20000000015,0.15345071911724517,0.002636450181531193,True,False
20220506_2,3,4,5498.043474066071,5498.100000000102,-0.05652593403101491,-0.0010281099867188068,True,False
20220506_4,4,6,14034.032946266234,14034.100000001385,-0.06705373515069368,-0.0004777937703825427,True,False
20220506_5,4,4,14215.008465223946,14215.100000001412,-0.0915347774662223,-0.0006439305167503482,True,False
20220507_0,4,4,14218.885233951733,14218.900000001411,-0.01476604967865569,-0.00010384815290158924,True,False
20220507_1,2,2,6634.654391231015,6634.600000000273,0.054391230742112384,0.0008198050348184069,True,False
20220507_2,4,5,12178.487100941129,12178.700000001107,-0.21289905997764436,-0.001748156878707799,False,False
20220507_3,4,5,14164.20829568524,14164.100000001405,0.1082956838345126,0.0007645727990847331,True,False
20220507_4,4,4,14202.36425762996,14202.50000000141,-0.1357423714489414,-0.0009557730599397653,True,False
20220507_5,4,6,14067.881446913816,14068.000000001388,-0.11855308757185412,-0.0008427216849901878,True,False
20220508_0,4,6,14046.796736167744,14046.600000001386,0.19673616635736835,0.001400576729716686,True,False
20220508_1,2,3,6286.360813560896,6286.30000000022,0.06081356067534216,0.000967388962850423,True,False
20220508_2,4,4,12507.78343391139,12507.800000001156,-0.016566089765547076,-0.000132446247195428,True,False
20220508_3,4,4,14229.657082585618,14229.700000001414,-0.04291741579618247,-0.00030160541148040166,True,False
20220508_4,4,4,14237.875232915396,14237.900000001417,-0.0247670860208018,-0.00017395212147627736,True,False
20220508_5,3,4,10588.260294659995,10588.300000000867,-0.03970534087238775,-0.0003749940005952862,True,False
20220509_0,4,4,14273.232864006422,14273.20000000142,0.03286400500292075,0.00023024920363904155,True,False
20220509_1,2,3,6063.9972823206335,6064.000000000188,-0.0027176795547347865,-4.481663543382653e-05,True,False
20220509_3,4,4,14257.600559690036,14257.500000001419,0.10055968861706788,0.000705305834569222,True,False
20220509_4,4,5,14207.832405902445,14207.800000001409,0.03240590103632712,0.00022808476416757664,True,False
20220509_5,4,4,14236.414544424042,14236.400000001415,0.014544422627295717,0.00010216352285830502,True,False
20220510_0,4,6,14073.624472995289,14073.500000001392,0.12447299389714317,0.0008844416314786861,True,False
20220510_1,2,2,5900.495607429184,5900.500000000163,-0.004392570978779986,-7.44441021742207e-05,True,False
20220510_3,4,6,14130.94532105606,14130.800000001398,0.14532105466241774,0.0010283887691921048,True,False
20220510_4,4,4,14235.214622598141,14235.300000001414,-0.08537740327301435,-0.0005997619673220753,True,False
20220510_5,4,4,14286.878457362764,14286.700000001425,0.17845736133858736,0.0012490997377150577,True,False
20220511_0,4,4,14261.183578753844,14261.100000001417,0.083578752426547,0.0005860576155198066,True,False
20220511_1,2,2,5651.640810328536,5651.600000000124,0.04081032841168053,0.0007220969941525386,True,False
20220511_3,4,4,14292.02091274783,14292.000000001424,0.02091274640588381,0.00014632462780145105,True,False
20220511_4,4,5,14166.50644945912,14166.400000001404,0.1064494577167352,0.0007514164349305715,True,False
20220511_5,4,4,14279.920973978005,14280.00000000142,-0.07902602341528109,-0.0005534065878886061,True,False
20220512_0,4,4,14222.452131472528,14222.500000001413,-0.04786852888537396,-0.00033657015290244376,True,False
20220512_1,2,3,5329.151299595833,5329.100000000077,0.051299595756063354,0.0009626222426815684,True,False
20220512_3,4,4,14234.315985348076,14234.400000001415,-0.08401465333918168,-0.0005902261367926718,True,False
20220512_4,4,4,14216.814629361033,14216.900000001415,-0.08537064038137032,-0.0006004906345550856,True,False
20220512_5,4,4,14233.488920331001,14233.600000001416,-0.11107967041425582,-0.0007804106992740936,True,False
20220513_0,4,4,14238.30015391577,14238.300000001418,0.00015391435226774774,1.0809882542433882e-06,True,False
20220513_1,2,2,5200.516055733897,5200.500000000057,0.01605573383949377,0.00030873347312890823,True,False
20220513_3,4,6,14087.9974701209,14088.10000000139,-0.10252988049069245,-0.000727781792324616,True,False
20220513_4,4,5,14187.882730993442,14187.90000000141,-0.017269007967115613,-0.00012171659644036561,True,False
20220513_5,4,5,14154.954438842833,14154.900000001402,0.05443884143096511,0.0003845921346209256,True,False
20220514_0,4,4,14257.295256201178,14257.300000001418,-0.0047438002402486745,-3.3272792314414404e-05,True,False
20220514_1,2,2,4915.442872303539,4915.400000000015,0.04287230352383631,0.0008721961507355476,True,False
20220514_3,4,5,14204.216561629437,14204.200000001409,0.01656162802828476,0.00011659656100304409,True,False
20220514_4,4,5,14187.198105105199,14187.200000001407,-0.0018948962078866316,-1.3356380829028967e-05,True,False
20220514_5,4,5,14139.933622861281,14139.9000000014,0.03362285988077929,0.00023778654679409696,True,False
20220515_0,4,6,14084.346727374943,14084.400000001393,-0.053272626450052485,-0.00037823995305731514,True,False
20220515_1,3,3,4714.656038931571,4714.599999999985,0.05603893158604478,0.001188611239575056,True,False
20220515_3,4,4,14229.17494440917,14229.200000001414,-0.025055592244825675,-0.0001760860509672091,True,False
20220515_4,4,4,14254.497193777934,14254.500000001419,-0.0028062234850949608,-1.9686583447642566e-05,True,False
20220515_5,4,5,14148.403224628419,14148.4000000014,0.003224627018425963,2.2791455454229547e-05,True,False
20220516_0,4,5,14146.925995289348,14147.000000001402,-0.07400471205437498,-0.0005231151423214988,True,False
20220516_1,3,5,4572.871104022488,4572.899999999963,-0.028895977475258405,-0.0006319001086612806,True,False
20220516_2,4,127,4964.857290079818,4853.5000000000255,111.35729007979262,2.242910190032922,False,True
20220517_0,4,5,14148.197418940254,14148.200000001401,-0.002581061147793662,-1.8243038822305266e-05,True,False
20220517_1,3,3,4638.941426225938,4638.899999999972,0.041426225965551566,0.0008930103262643333,True,False
20220517_3,4,5,14167.299529421143,14167.300000001405,-0.0004705802621174371,-3.32159464222653e-06,True,False
20220517_4,4,5,13900.068950629793,13900.000000001362,0.06895062843068445,0.0004960452259307706,True,False
20220517_5,4,8,12405.192214949057,12405.10000000114,0.092214947915636,0.0007433576708671313,True,False
20220518_0,4,5,14163.112800219096,14163.000000001406,0.11280021769016457,0.0007964366257707106,True,False
20220518_1,3,4,4662.5772521831095,4662.599999999978,-0.022747816868104564,-0.0004878807500176773,True,False
20220518_2,4,4,14252.556170057505,14252.500000001419,0.05617005608655745,0.00039410513746693633,True,False
20220518_5,4,5,14208.35421520751,14208.400000001411,-0.045784793901475496,-0.00032223854506999156,True,False
20220519_0,4,6,14039.284706907347,14039.200000001385,0.08470690596186614,0.0006033562801115518,True,False
20220519_1,3,5,4443.066479056143,4442.999999999943,0.06647905620047823,0.0014962426628962035,True,False
20220519_3,4,4,14239.851433597505,14239.800000001414,0.05143359609064646,0.0003611947521397171,True,False
20220519_4,4,7,14023.493781569414,14023.400000001382,0.09378156803177262,0.0006687461020236373,True,False
20220519_5,4,4,14268.452181201428,14268.40000000142,0.052181200007908046,0.0003657103051209462,True,False
20220520_0,4,6,14111.113319266587,14111.200000001396,-0.08668073480839666,-0.0006142728277154947,True,False
20220520_1,3,3,4706.4062288962305,4706.399999999983,0.006228896247193916,0.0001323493116456874,True,False
20220520_3,4,6,14074.475803622045,14074.400000001393,0.07580362065164081,0.0005385892995896363,True,False
20220520_4,4,5,14156.490776315333,14156.400000001404,0.09077631392938201,0.0006412345782844453,True,False
20220520_5,4,4,14281.911747227423,14281.800000001424,0.11174722599935194,0.0007824388497642528,True,False
20220521_0,4,4,14251.509012817405,14251.500000001415,0.009012815989990486,6.324113454852124e-05,True,False
20220521_1,2,2,4672.381423506886,4672.399999999979,-0.01857649309295084,-0.00039758083532076316,True,False
20220521_5,4,4,14243.321667867713,14243.300000001416,0.021667866296411376,0.00015212649690621744,True,False
20220522_0,4,5,14129.19832477346,14129.2000000014,-0.001675227938903845,-1.1856496740983389e-05,True,False
20220522_1,2,2,4689.081193995662,4689.09999999998,-0.018806004318321357,-0.00040105947285370795,True,False
20220522_3,4,4,14234.21563259326,14234.200000001414,0.015632591845132993,0.00010982404825551297,True,False
20220522_4,4,5,14177.780134161003,14177.800000001407,-0.019865840404236224,-0.0001401195406914936,True,False
20220522_5,4,6,14032.631614850836,14032.700000001385,-0.06838515054914751,-0.0004873294790748658,True,False
20220523_0,4,5,14177.047429676168,14177.200000001407,-0.1525703252391395,-0.0010761784214657487,True,False
20220523_1,2,2,4661.328265420162,4661.299999999976,0.0282654201864716,0.0006063812410757949,True,False
20220523_5,4,7,13967.265767930076,13967.300000001374,-0.034232071298902156,-0.0002450878494594242,True,False
20220524_0,4,5,14139.554849267006,14139.6000000014,-0.04515073439324624,-0.00031932217721540823,True,False
20220524_1,2,3,4660.85452339612,4660.899999999976,-0.04547660385560448,-0.0009757138659300626,True,False
20220524_3,4,5,14123.832046799362,14123.700000001398,0.13204679796399432,0.0009349218931976594,True,False
20220524_4,4,4,14220.014948956668,14220.000000001413,0.014948955255022156,0.00010512615710097387,True,False
20220524_5,4,5,14164.391730492935,14164.400000001406,-0.008269508471130393,-5.838237623242157e-05,True,False
20220525_0,4,5,14135.670399782248,14135.600000001401,0.07039978084685572,0.0004980293035690772,True,False
20220525_1,2,3,4731.617831485345,4731.699999999987,-0.082168514642035,-0.0017365839247469558,True,False
20220525_4,4,7,14004.28708253894,14004.200000001378,0.08708253756230988,0.0006218277092511735,True,False
20220525_5,4,5,14118.639574712142,14118.700000001398,-0.06042528925536317,-0.00042798237702441774,True,False
20220526_0,4,4,14207.25674580317,14207.200000001409,0.056745801761280745,0.0003994142062509251,True,False
20220526_1,2,4,4494.956784881651,4494.999999999951,-0.043215118299485766,-0.0009614134321565804,True,False
20220526_3,4,4,14233.960240823217,14233.800000001413,0.16024082180410915,0.0011257641520209956,True,False
20220526_4,4,4,14245.27846549172,14245.300000001416,-0.021534509696721216,-0.00015116945413799524,True,False
20220526_5,4,5,14175.678257108666,14175.800000001407,-0.12174289274116745,-0.0008588152928775535,True,False
20220527_0,4,4,14197.757441690192,14197.800000001409,-0.04255831121736264,-0.0002997537561276736,True,False
20220527_1,2,2,4669.483838137239,4669.599999999978,-0.11616186273840867,-0.002487681010686359,True,False
20220527_3,4,6,13974.656064924784,13974.700000001376,-0.0439350765918789,-0.00031439111193693175,True,False
20220527_4,4,6,14075.709572201595,14075.600000001392,0.10957220020281966,0.000778448856455635,True,False
20220527_5,4,6,14105.271545355208,14105.400000001395,-0.12845464618658298,-0.0009106853829331801,True,False
20220528_0,4,5,14170.09417579975,14170.000000001406,0.09417579834371281,0.0006646095444062044,True,False
20220528_1,2,3,4646.669365349226,4646.699999999974,-0.030634650748652348,-0.0006592819144202219,True,False
20220528_3,4,6,14100.444930139929,14100.500000001393,-0.055069861464289716,-0.0003905540693015792,True,False
20220528_4,4,4,14212.372199096717,14212.500000001412,-0.12780090469459537,-0.000899222894702391,True,False
20220528_5,4,4,14244.967509876005,14245.000000001417,-0.0324901254116412,-0.00022808142868080162,True,False
20220529_0,4,6,14070.39453741163,14070.30000000139,0.09453741023935436,0.0006718888371466045,True,False
20220529_1,2,2,4674.532649642788,4674.5999999999785,-0.06735035719066218,-0.0014407933848918323,True,False
20220529_3,4,5,14174.103089002892,14174.200000001403,-0.09691099851079343,-0.000683718736221008,True,False
20220529_4,4,4,14232.971840933897,14233.000000001413,-0.028159067516753566,-0.00019784390660963964,True,False
20220529_5,4,4,14242.151786992326,14242.100000001416,0.05178699091084127,0.00036361774319902614,True,False
20220530_0,4,5,14125.116274645552,14125.2000000014,-0.0837253558474913,-0.0005927410027610003,True,False
20220530_1,2,4,4705.4899846203625,4705.499999999983,-0.010015379620199383,-0.0002128445635403349,True,False
20220530_3,4,5,14163.900905102491,14163.900000001404,0.0009051010874827625,6.390196412322423e-06,True,False
20220530_4,2,6,5840.994887868874,5841.100000000152,-0.10511213127847441,-0.0017995586932763995,True,False
20220530_5,4,6,12861.515083699487,12861.500000001208,0.015083698279340751,0.00011727777156252478,True,False
20220531_0,4,4,14247.249843226746,14247.300000001416,-0.05015677467054047,-0.0003520453085504456,True,False
20220531_1,3,4,4531.1357421102,4531.199999999957,-0.06425788975684554,-0.001418140912435343,True,False
20220531_3,4,7,13980.527262459509,13980.500000001377,0.02726245813209971,0.00019500307549418985,True,False
20220531_4,3,4,10617.679635691456,10617.600000000872,0.079635690584837,0.0007500291336455535,True,False
20220531_5,4,8,13872.274090955032,13872.300000001362,-0.025909046329616103,-0.00018676855834696388,True,False
20220601_0,4,6,14118.884932715446,14118.8000000014,0.08493271404586267,0.0006015539785940291,True,False
20220601_1,3,4,4535.319179738871,4535.399999999957,-0.08082026108604623,-0.0017820192556039596,True,False
20220601_3,4,4,14239.176229177974,14239.200000001416,-0.023770823441736866,-0.00016693959720104646,True,False
20220601_4,4,7,13997.799889929593,13997.900000001378,-0.10011007178582076,-0.0007151843330596741,True,False
20220601_5,4,6,14058.723055757582,14058.700000001389,0.023055756193571142,0.0001639960905562396,True,False
20220602_0,4,7,13942.086893110536,13942.10000000137,-0.013106890834023943,-9.400953339704615e-05,True,False
20220602_1,3,7,4379.996256879531,4380.099999999935,-0.1037431204040331,-0.002368566416948116,True,False
20220602_3,4,6,14104.34894990176,14104.300000001396,0.048949900363368215,0.0003470553694979956,True,False
20220602_4,4,4,7394.621386611835,7394.600000000387,0.021386611448178883,0.00028921847826989395,True,False
20220602_5,4,5,14135.199871379882,14135.200000001398,-0.00012862151561421342,-9.099377213239034e-07,True,False
20220603_0,4,4,14234.131089574657,14234.200000001414,-0.06891042675670178,-0.0004841210631197085,True,False
20220603_1,3,3,4625.781484530308,4625.799999999971,-0.01851546966281603,-0.00040026684625583974,True,False
20220603_3,4,4,14302.825228893198,14302.800000001425,0.025228891772712814,0.00017639096730167562,True,False
20220603_4,4,4,14269.715286022983,14269.700000001421,0.0152860215621331,0.00010712212020870225,True,False
20220603_5,4,5,14133.874178258702,14133.8000000014,0.07417825730226468,0.0005248260764650691,True,False
20220604_0,4,5,14178.487741970457,14178.600000001405,-0.11225803094748699,-0.0007917489720373091,True,False
20220604_1,3,3,4624.091396131553,4624.199999999971,-0.10860386841795844,-0.002348653153975608,True,False
20220604_3,4,5,14174.819937231952,14174.800000001405,0.01993723054692964,0.00014065244310131934,True,False
20220604_4,4,6,14169.61982336361,14169.500000001404,0.11982336220535217,0.0008456356888826413,True,False
20220604_5,4,4,14319.589773472399,14319.600000001428,-0.010226529029750964,-7.141635473870913e-05,True,False
20220605_0,4,4,14054.017740301788,14053.90000000139,0.11774030039850913,0.00083776968674853,True,False
20220605_1,2,2,4930.150675121694,4930.200000000017,-0.04932487832320476,-0.0010004740539088543,True,False
20220605_3,4,4,14265.109941107221,14265.20000000142,-0.09005889419859159,-0.0006313228188944575,True,False
20220605_4,4,5,14175.20299879834,14175.200000001405,0.0029987969355715904,2.115523097500476e-05,True,False
20220605_5,4,6,14103.203212050721,14103.400000001395,-0.19678795067375177,-0.0013953422333559157,True,False
20220606_0,4,5,13819.396230136044,13819.500000001353,-0.10376986530900467,-0.0007509001376103037,True,False
20220606_1,2,4,5039.895384502595,5039.900000000033,-0.004615497437953309,-9.157923103217009e-05,True,False
20220606_2,4,6,14165.132123278454,14165.200000001403,-0.06787672294922231,-0.0004791817143567353,True,False
20220606_3,4,6,14095.603408548048,14095.700000001396,-0.09659145334808272,-0.0006852594425968768,True,False
20220606_4,4,12,10767.236169590613,10767.400000000893,-0.1638304102798429,-0.001521564194370894,True,False
20220606_5,4,8,13189.769749995321,13189.800000001258,-0.030250005936977686,-0.00022934445794240205,True,False
20220607_0,4,5,13419.725339859724,13419.700000001292,0.025339858431834728,0.00018882546244496838,True,False
20220607_1,2,3,5183.41708201915,5183.400000000054,0.017082019096051226,0.00032955131384868394,True,False
20220607_2,4,5,14176.584715931676,14176.700000001405,-0.11528406972865923,-0.0008132005841936157,True,False
20220607_3,4,5,14190.206426521763,14190.100000001408,0.10642652035494393,0.0007499998037803788,True,False
20220607_4,4,5,14179.308103770018,14179.200000001407,0.1081037686108175,0.0007624051034061012,True,False
20220607_5,4,5,14187.75560182985,14187.900000001408,-0.14439817155835044,-0.0010177661330713003,True,False
20220608_0,4,4,13331.549812923186,13331.600000001277,-0.050187078091767034,-0.00037645344161799744,True,False
20220608_1,2,4,5408.42956728302,5408.300000000088,0.1295672829319301,0.002395654437578625,True,False
20220608_2,4,5,14194.390529883094,14194.500000001408,-0.10947011831376585,-0.0007712209839746283,True,False
20220608_3,4,5,14191.791126737371,14191.800000001409,-0.008873264037902118,-6.252391934647957e-05,True,False
20220608_4,4,5,14171.509454282932,14171.600000001405,-0.09054571847264015,-0.0006389278345030162,True,False
20220608_5,4,5,14253.48971646745,14253.600000001417,-0.11028353396795865,-0.0007737300560195097,True,False
20220609_0,4,7,12950.936737074517,12950.800000001222,0.13673707329508034,0.0010558083640671682,True,False
20220609_1,2,3,5694.2296754568815,5694.100000000131,0.1296754567501921,0.002277313423255754,True,False
20220609_3,4,4,14300.441475980915,14300.500000001426,-0.05852402051095851,-0.00040924625025916657,True,False
20220609_4,4,5,7266.401133709585,7266.300000000368,0.10113370921772002,0.001391799150043483,True,False
20220609_5,4,4,14206.848400854506,14206.800000001409,0.04840085309660935,0.0003406867711328444,True,False
20220610_0,4,5,12829.717868193984,12829.600000001205,0.1178681927794969,0.0009187122740376284,True,False
20220610_1,2,2,6026.224924460985,6026.200000000181,0.024924460803958937,0.00041359990900419804,True,False
20220610_2,4,4,14221.078086295165,14221.100000001414,-0.02191370624859701,-0.00015409314340039535,True,False
20220610_3,4,5,14183.987273345701,14183.900000001406,0.08727334429568145,0.0006152948576010357,True,False
20220610_4,4,4,14248.897401429713,14248.800000001418,0.09740142829468823,0.0006835716866409264,True,False
20220610_5,4,4,14326.277007116005,14326.300000001427,-0.022992885422354448,-0.00016049449142253533,True,False
20220611_0,4,5,12660.31546338927,12660.300000001178,0.015463388092030073,0.00012214062229923611,True,False
20220611_1,2,2,6236.196611076594,6236.300000000213,-0.10338892361869512,-0.0016578842853520366,True,False
20220611_2,4,6,14083.435395313427,14083.500000001392,-0.06460468796467467,-0.000458728187769962,True,False
20220611_3,4,4,14315.186669211835,14315.300000001427,-0.11333078959250997,-0.0007916822337794198,True,False
20220611_4,4,6,14167.248356016353,14167.100000001405,0.1483560149481491,0.00104717593155729,True,False
20220611_5,4,5,14200.270315934904,14200.20000000141,0.07031593349347531,0.0004951732039535187,True,False
20220612_0,4,6,12337.683488382027,12337.70000000113,-0.01651161910376686,-0.00013383078856995552,True,False
20220612_1,2,2,6517.692409339361,6517.800000000256,-0.10759066089485714,-0.0016507477514693368,True,False
20220612_2,4,6,14083.828822569922,14083.900000001393,-0.07117743147136935,-0.000505384099509251,True,False
20220612_3,4,4,14246.02607069537,14246.000000001415,0.02607069395526196,0.00018300327281367532,True,False
20220612_4,4,4,14257.673196843825,14257.700000001418,-0.026803157592439675,-0.00018799110641961553,True,False
20220612_5,4,5,14208.560980204493,14208.40000000141,0.1609802030834544,0.0011329803440878609,True,False
20220613_0,4,4,12198.501397809014,12198.50000000111,0.001397807904140791,1.1458849399253688e-05,True,False
20220613_1,2,2,6777.990697603672,6778.100000000295,-0.10930239662320673,-0.0016126076517315095,True,False
20220613_3,4,96,7933.171677868812,7510.10000000089,423.0716778679225,5.332944943674503,False,True
20220614_0,4,5,11922.93627988547,11922.800000001065,0.13627988440566696,0.001143006061649237,True,False
20220614_1,2,3,6870.128554687835,6870.100000000308,0.02855468752750312,0.000415635417884849,True,False
20220614_2,4,4,14187.793543562293,14187.700000001407,0.09354356088624627,0.0006593242324751168,True,False
20220614_3,4,6,14087.884343974292,14088.00000000139,-0.11565602709742961,-0.0008209609354643681,True,False
20220614_4,4,6,14057.404260104522,14057.400000001388,0.004260103134583915,3.0305048184992863e-05,True,False
20220614_5,4,4,14226.394786988385,14226.400000001415,-0.0052130130297882715,-3.664324734300323e-05,True,False
20220615_0,4,4,11781.314238882624,11781.300000001049,0.01423888157478359,0.00012085987425570994,True,False
20220615_1,3,5,7103.299158043228,7103.300000000344,-0.0008419571158810868,-1.1853043172590015e-05,True,False
20220615_2,4,4,14292.363283527084,14292.400000001422,-0.03671647433839098,-0.00025689575341755554,True,False
20220615_3,4,5,14182.981961080804,14182.900000001408,0.0819610793969332,0.0005778832661695595,True,False
20220615_4,4,4,14271.600046847016,14271.500000001419,0.10004684559680754,0.0007010205251576583,True,False
20220615_5,4,4,14192.904847185127,14193.00000000141,-0.09515281628227967,-0.0006704252392782813,True,False
20220616_0,4,5,11406.35509409476,11406.300000000992,0.05509409376827534,0.0004830122621449719,True,False
20220616_1,3,4,7323.071476095356,7323.100000000376,-0.028523905019937956,-0.0003895073960843932,True,False
20220616_2,4,5,14199.117910070345,14199.10000000141,0.017910068934725132,0.0001261350814054646,True,False
20220616_3,4,5,14146.33562117815,14146.200000001401,0.13562117674882757,0.0009587018177752849,True,False
20220616_4,4,9,12612.992533715442,12613.100000001172,-0.10746628572996997,-0.0008520284575028869,True,False
20220616_5,4,5,14187.49759553466,14187.60000000141,-0.10240446675015846,-0.000721793720566966,True,False
20220617_0,4,5,11211.936905770563,11212.000000000962,-0.06309423039965623,-0.0005627415756075373,True,False
20220617_1,3,3,7654.313909076155,7654.500000000426,-0.186090924270502,-0.002431190129919331,True,False
20220617_2,4,4,14227.99770149868,14228.000000001415,-0.002298502735357033,-1.6154787086554876e-05,True,False
20220617_3,2,2,7113.256281916984,7113.200000000345,0.056281916638909024,0.000791225767894607,True,False
20220617_4,3,4,10621.38003304135,10621.30000000087,0.08003304047997517,0.0007535088682544609,True,False
20220617_5,4,5,14140.299853147008,14140.3000000014,-0.00014685439236927778,-1.0385521799001628e-06,True,False
20220618_0,4,5,10926.183261210099,10926.200000000916,-0.016738790816816618,-0.00015319888397115133,True,False
20220618_1,3,5,7766.195859177969,7766.200000000442,-0.004140822472436412,-5.3318542920120306e-05,True,False
20220618_2,4,4,14260.811231774278,14260.900000001418,-0.08876822714046284,-0.0006224626754940828,True,False
20220618_3,4,5,14208.202662644908,14208.000000001412,0.20266264349629637,0.0014263777643679105,False,False
20220618_4,4,5,14159.6883575432,14159.700000001405,-0.011642458204732975,-8.222255964080427e-05,True,False
20220618_5,4,5,14146.112284529954,14146.0000000014,0.11228452855357318,0.0007937483196451537,True,False
20220619_0,4,5,10698.529312829487,10698.500000000884,0.029312828602996888,0.00027398932830744745,True,False
20220619_1,3,5,8090.790657978505,8090.800000000491,-0.009342021986412874,-0.00011546488323981664,True,False
20220619_2,4,5,14203.037555376068,14203.10000000141,-0.06244462534232298,-0.0004396568346655306,True,False
20220619_3,4,5,14208.341796370223,14208.400000001411,-0.05820363118800742,-0.00040964408107691067,True,False
20220619_4,4,4,14285.788505268283,14285.700000001423,0.08850526686001103,0.0006195336493142976,True,False
20220619_5,4,4,14293.084745365195,14293.100000001425,-0.015254636229656171,-0.00010672738951332936,True,False
20220620_0,3,4,10541.979522630572,10541.90000000086,0.07952262971230084,0.0007543424794327178,True,False
20220620_1,3,5,8251.266679144464,8251.200000000516,0.0666791439489316,0.0008081079735002002,True,False
20220620_2,4,4,14292.778857867233,14292.800000001424,-0.021142134190085926,-0.00014792178903998485,True,False
20220620_3,4,5,14225.76778626535,14225.700000001414,0.06778626393679588,0.00047650337721835966,True,False
20220620_4,4,4,14296.258772606961,14296.100000001425,0.15877260553679662,0.0011105884977475405,True,False
20220620_5,4,5,14192.849357519299,14192.800000001409,0.04935751788980269,0.0003477632760447312,True,False
20220621_0,3,4,10375.92020407319,10375.900000000836,0.02020407235431776,0.00019472077615233018,True,False
20220621_1,3,4,8493.294021324255,8493.400000000553,-0.10597867629803659,-0.0012477923881117757,True,False
20220621_2,4,103,6304.266555933282,6068.300000000421,235.9665559328605,3.7429660348162117,False,True
20220622_0,3,3,10115.82862737123,10115.900000000796,-0.0713726295671222,-0.0007055539609874707,True,False
20220622_1,3,3,8821.671682200395,8821.700000000601,-0.02831780020642327,-0.00032100265376641115,True,False
20220622_4,3,9,8515.055506839417,7122.700000000346,1392.3555068390706,16.351690317470158,False,True
20220622_5,4,6,11813.220577966424,11813.300000001054,-0.0794220346306247,-0.0006723148366395502,True,False
20220623_0,3,4,9776.443620747887,9776.400000000745,0.04362074714117625,0.0004461821581889235,True,False
20220623_1,3,3,9047.16130667366,9047.100000000633,0.061306673027502256,0.0006776343534659787,True,False
20220623_2,4,21,6326.836235867811,6098.50000000043,228.33623586738122,3.609011318688918,False,True
20220623_5,4,4,14241.098007000983,14241.100000001416,-0.0019930004327761708,-1.3994710462609017e-05,True,False
20220624_0,3,3,9644.062001863495,9644.100000000724,-0.03799813722980616,-0.00039400552612025815,True,False
20220624_1,3,5,9137.410526094027,9137.300000000649,0.11052609337821195,0.0012095997335632308,True,False
20220624_2,4,4,14281.948277028278,14281.900000001422,0.04827702685543045,0.00033802829921378004,True,False
20220624_3,4,4,14251.235814741813,14251.300000001416,-0.06418525960361876,-0.00045038381539672524,True,False
20220624_4,4,4,14273.08264542371,14273.10000000142,-0.01735457770882931,-0.00012158955524855454,True,False
20220624_5,4,4,14212.997984024696,14213.100000001412,-0.1020159767158475,-0.0007177653640035177,True,False
20220625_0,3,3,9389.502745913342,9389.500000000688,0.0027459126540634315,2.9244494925554543e-05,True,False
20220625_1,3,3,9515.063869580626,9515.100000000706,-0.036130420079643955,-0.00037971810357628625,True,False
20220625_2,4,21,6083.549571409821,5845.8000000003485,237.74957140947208,3.908073216445827,False,True
20220625_5,4,5,14182.541322754696,14182.500000001406,0.041322753289932734,0.00029136353175036303,True,False
20220626_0,3,4,9114.822377893142,9114.800000000647,0.02237789249556954,0.00024551101017441997,True,False
20220626_1,3,4,9680.17941371072,9680.20000000073,-0.02058629000930523,-0.00021266434359829545,True,False
20220626_2,4,5,14140.193344722502,14140.2000000014,-0.006655278897596872,-4.706639248381141e-05,True,False
20220626_3,4,5,14217.644426459447,14217.700000001412,-0.05557354196571396,-0.000390877281065561,True,False
20220626_4,4,4,14228.764514252543,14228.800000001414,-0.03548574887099676,-0.0002493944490784966,True,False
20220626_5,4,8,13908.59757817816,13908.700000001367,-0.10242182320689608,-0.0007363921677307739,True,False
20220627_0,3,3,8919.351275847293,8919.400000000616,-0.04872415332283708,-0.00054627463159543,True,False
20220627_1,3,3,9981.486311391927,9981.500000000775,-0.013688608847587602,-0.00013713998517399874,True,False
20220627_2,4,34,5575.428327033296,5423.000000000211,152.42832703308522,2.733930347449966,False,True
20220627_5,4,9,12946.397408447228,12946.500000001222,-0.10259155399398878,-0.0007924332210522916,True,False
20220628_0,3,3,8692.418603226542,8692.500000000584,-0.08139677404142276,-0.0009364111159028749,True,False
20220628_1,3,3,10190.391352842562,10190.400000000809,-0.008647158247185871,-8.485599765286528e-05,True,False
20220628_2,4,21,6147.384592168964,5883.20000000036,264.18459216860447,4.297512026580282,False,True
20220628_5,4,5,14196.638607233763,14196.70000000141,-0.061392767647703295,-0.00043244580175775686,True,False
20220629_0,3,3,8458.866996481083,8458.900000000545,-0.03300351946199953,-0.00039016477591773347,True,False
20220629_1,3,4,10396.346679981798,10396.30000000084,0.04667998095828807,0.0004490036971176667,True,False
20220629_2,4,12,11183.34095031023,11027.900000000933,155.44095030929748,1.3899330352168642,False,True
20220629_5,3,3,10655.604763166048,10655.600000000877,0.004763165170516004,4.4701030831972674e-05,True,False
20220630_0,3,5,8068.810710939579,8068.800000000488,0.010710939091040927,0.00013274495430310677,True,False
20220630_1,3,4,10614.361297222786,10614.400000000871,-0.03870277808528044,-0.0003646265375892839,True,False
20220630_5,4,4,13003.746466850862,13003.80000000123,-0.053533150368821225,-0.00041167482390777057,True,False
