energy_tev,v6_relative_uncertainty_percent_raw,v6_relative_uncertainty_percent_birge_pdg,pass5_relative_uncertainty_percent,v6_uncertainty_reduction_percent_raw,v6_uncertainty_reduction_percent_birge_pdg
1,1.381998155,6.324560814,1.602529295,13.76144201,-294.6611669
1.015468992,1.380394525,6.317221979,1.546547762,10.74349211,-308.4724789
1.031177275,1.379166699,6.311602969,1.492858883,7.615735509,-322.786309
1.047128548,1.37829215,6.307600694,1.441542953,4.387715444,-337.5589837
1.063326572,1.37774861,6.305113242,1.392683376,1.072373443,-352.7312776
1.079775162,1.377514123,6.304040138,1.346365764,-2.313513851,-368.2264141
1.096478196,1.377567098,6.304282575,1.302676702,-5.748962551,-383.9483629
1.113439609,1.377886358,6.305743634,1.261702158,-9.208528284,-399.7806806
1.130663398,1.37845118,6.308328476,1.223525492,-12.66223618,-415.5861906
1.148153621,1.379241331,6.311944517,1.188225076,-16.07576375,-431.2078197
1.165914401,1.380237109,6.316501581,1.155871545,-19.41094273,-446.4708953
1.183949922,1.381419362,6.321912034,1.126524768,-22.62663032,-461.1871318
1.202264435,1.382769524,6.328090898,1.100230641,-25.67996862,-475.1603949
1.220862254,1.384269627,6.334955951,1.077017899,-28.52800571,-488.1941198
1.239747763,1.385902324,6.342427807,1.05689515,-31.12959439,-500.100001
1.258925412,1.387650902,6.35042998,1.039848373,-33.44742733,-510.7073056
1.278399719,1.389499294,6.35888894,1.025839117,-35.45002044,-519.8719502
1.298175275,1.391432085,6.367734145,1.014803605,-37.11343531,-527.4843833
1.318256739,1.393434522,6.376898074,1.006652868,-38.4225452,-533.4753791
1.338648842,1.395492513,6.38631624,1.001273946,-39.3716992,-537.8190767
1.359356391,1.397592631,6.3959272,0.998532097,-39.96471777,-540.5329602
1.380384265,1.399722116,6.40567255,0.9982738441,-40.21424326,-541.6748859
1.401737418,1.401868868,6.415496922,1.000330635,-40.14055152,-541.3376438
1.423420884,1.404021449,6.425347968,1.004522832,-39.76998869,-539.6418043
1.445439771,1.406169075,6.435176341,1.010663776,-39.13322201,-536.7277124
1.467799268,1.408301615,6.444935672,1.01856366,-38.26348511,-532.7474582
1.490504643,1.410409582,6.454582547,1.028033049,-37.19496496,-527.8574946
1.513561248,1.412484127,6.464076475,1.038885896,-35.96143064,-522.2123621
1.536974516,1.414517037,6.473379861,1.05094201,-34.59515595,-515.9597579
1.560749963,1.416500722,6.482457973,1.06402895,-33.12614498,-509.2369926
1.584893192,1.418428211,6.491278912,1.077983385,-31.58163949,-502.1687351
1.609409893,1.420293146,6.499813577,1.092651976,-29.98586714,-494.8658605
1.634305843,1.422089772,6.50803564,1.107891846,-28.35998182,-487.4251771
1.659586907,1.423812937,6.51592151,1.123570723,-26.72214637,-479.9298054
1.685259045,1.425458076,6.523450306,1.139566822,-25.08771304,-472.4500031
1.711328304,1.427021213,6.530603832,1.155768536,-23.46946377,-465.0442654
1.737800829,1.428498954,6.537366547,1.172073999,-21.87788102,-457.760564
1.764682857,1.429888477,6.543725547,1.188390557,-20.32142705,-450.6376255
1.791980722,1.431187534,6.549670536,1.204634192,-18.80681653,-443.706179
1.819700859,1.432394442,6.555193814,1.220728926,-17.33927262,-436.9901275
1.847849797,1.433508081,6.560290259,1.236606228,-15.92276093,-430.5076194
1.876434172,1.434527891,6.564957308,1.252204437,-14.56019868,-424.2720048
1.905460718,1.435453871,6.569194951,1.267468215,-13.25363853,-418.2926776
1.934936275,1.436286573,6.573005719,1.282348027,-12.00442806,-412.5758049
1.96486779,1.437027105,6.57639468,1.296799665,-10.81334638,-407.1249521
1.995262315,1.437677126,6.579369431,1.310783813,-9.680720226,-401.9416145
2.026127013,1.43823885,6.5819401,1.324265641,-8.606521644,-397.0256642
2.057469156,1.438715043,6.584119343,1.337214454,-7.590449634,-392.3757237
2.089296131,1.439109024,6.585922353,1.349603358,-6.631997913,-387.989476
2.121615437,1.439424667,6.587366855,1.361408979,-5.730510753,-383.8639203
2.15443469,1.4396664,6.588473122,1.372611204,-4.885228666,-379.9955808
2.187761624,1.439839212,6.589263976,1.383192958,-4.095325518,-376.380677
2.221604092,1.439948649,6.589764802,1.393140003,-3.359938377,-373.0152595
2.255970069,1.440000819,6.590003553,1.402440773,-2.678191283,-369.8953198
2.290867653,1.440002395,6.590010767,1.411086221,-2.04921388,-367.0168747
2.326305067,1.439960617,6.589819571,1.419069701,-1.472155739,-364.3760323
2.362290663,1.439883291,6.589465698,1.426386861,-0.9461970399,-361.9690408
2.398832919,1.439778797,6.588987492,1.43303556,-0.4705561568,-359.7923232
2.435940447,1.439656086,6.588425921,1.439015802,-0.04449459914,-357.8424999
2.473621992,1.439524686,6.587824582,1.444329687,0.3326803486,-356.1164007
2.511886432,1.439394698,6.587229706,1.448981376,0.6616150097,-354.6110678
2.550742784,1.4392768,6.586690162,1.452977074,0.9429105195,-353.3237502
2.590200205,1.439182248,6.586257454,1.456325024,1.177125706,-352.2518905
2.630267992,1.43912287,6.585985717,1.459035518,1.364781551,-351.3931044
2.670955588,1.439111068,6.585931705,1.461120914,1.506367191,-350.7451534
2.712272579,1.439159812,6.586154778,1.462595676,1.602347435,-350.3059105
2.754228703,1.439282638,6.586716876,1.463476418,1.653171834,-350.0733183
2.796833846,1.439493638,6.587682494,1.463781957,1.65928535,-350.0453405
2.840098048,1.439807454,6.589118638,1.463533389,1.621140696,-350.2199053
2.884031503,1.440239268,6.591094787,1.462754162,1.53921244,-350.5948408
2.928644565,1.440804788,6.593682829,1.461470166,1.414012985,-351.1678022
2.973947745,1.441520237,6.596956999,1.459709835,1.246110516,-351.9361892
3.01995172,1.44240233,6.600993801,1.457504246,1.03614903,-352.8970545
3.066667331,1.443468261,6.605871917,1.454887243,0.7848705392,-354.0470026
3.114105584,1.444735677,6.611672104,1.451895547,0.493139489,-355.3820773
3.16227766,1.446222652,6.618477081,1.448568891,0.1619694328,-356.8976402
3.211194909,1.447947663,6.626371401,1.444950142,-0.2074481018,-358.5882385
3.260868859,1.449929554,6.635441303,1.44108543,-0.6137126753,-360.4474631
3.311311215,1.452187504,6.645774559,1.43702428,-1.055182167,-362.4677991
3.362533863,1.454740989,6.657460302,1.432819728,-1.52993855,-364.6404689
3.414548874,1.457609744,6.670588839,1.428528437,-2.035752761,-366.9552714
3.467368505,1.460813715,6.685251456,1.424210794,-2.570049395,-369.4004205
3.521005202,1.464373016,6.7015402,1.41993099,-3.129872218,-371.9623873
3.575471605,1.468307878,6.719547658,1.415757074,-3.711851717,-374.6257518
3.630780548,1.472638598,6.739366719,1.411760977,-4.312176206,-377.37307
3.686945065,1.477385487,6.761090328,1.408018495,-4.92656827,-380.1847669
3.74397839,1.482568811,6.784811232,1.404609226,-5.55026861,-383.0390622
3.801893963,1.488208734,6.810621715,1.401616455,-6.178029567,-385.9119403
3.860705432,1.494325264,6.838613331,1.399126975,-6.80412076,-388.777177
3.920426655,1.500938186,6.868876635,1.397230833,-7.422349305,-391.6064312
3.981071706,1.508067011,6.901500908,1.396021011,-8.026096952,-394.3694151
4.042654874,1.515730911,6.936573892,1.395593014,-8.608376165,-397.0341512
4.105190671,1.523948662,6.974181515,1.396044379,-9.161906608,-399.5673217
4.168693835,1.532738589,7.014407641,1.397474099,-9.679212654,-401.9347152
4.233179328,1.542118511,7.057333812,1.399981962,-10.15274149,-404.1017673
4.298662347,1.552105687,7.10303901,1.403667815,-10.57500005,-406.0341866
4.365158322,1.562716767,7.151599435,1.408630766,-10.93870759,-407.6986537
4.432682923,1.573967746,7.203088291,1.414968333,-11.23695912,-409.0635687
4.501252062,1.585873925,7.257575595,1.422775563,-11.46339359,-410.0998208
4.570881896,1.598449871,7.31512801,1.432144143,-11.61235956,-410.781547
4.641588834,1.611709382,7.37580869,1.443161533,-11.67907022,-411.0868409
4.713389536,1.625665466,7.439677156,1.455910135,-11.65973965,-410.9983767
4.786300923,1.640330312,7.506789191,1.470466537,-11.55169266,-410.5039117
4.860340176,1.655715275,7.577196762,1.486900855,-11.3534416,-409.5966378
4.935524741,1.671830864,7.650947965,1.505276186,-11.06472552,-408.2753608
5.011872336,1.688686738,7.728086995,1.525648201,-10.68650926,-406.5444961
5.089400952,1.706291698,7.808654138,1.548064877,-10.2209425,-404.4138816
5.168128856,1.724653699,7.892685792,1.57256638,-9.671281394,-401.8984187
5.248074602,1.743779852,7.980214504,1.599185093,-9.041777557,-399.0175644
5.329257029,1.763676441,8.071269029,1.627945792,-8.337541093,-395.7947046
5.411695265,1.784348938,8.165874411,1.658865928,-7.564385277,-392.256443
5.495408739,1.805802026,8.264052081,1.691956037,-6.728661153,-388.4318445
5.580417175,1.828039623,8.365819969,1.727220224,-5.837090005,-384.3516684
5.666740606,1.851064909,8.471192631,1.764656712,-4.896600908,-380.0476246
5.754399373,1.874880359,8.580181388,1.804258446,-3.914179407,-375.5516819
5.843414134,1.899487772,8.692794476,1.846013704,-2.896731918,-370.8954467
5.933805863,1.924888308,8.809037203,1.889906721,-1.850968952,-366.1096288
6.025595861,1.951082522,8.928912111,1.935918304,-0.7833087889,-361.2236008
6.118805758,1.978070403,9.052419144,1.984026411,0.3001980393,-356.2650524
6.213457517,2.005851407,9.179555818,2.034206706,1.393924178,-351.2597364
6.309573445,2.034424498,9.310317392,2.086433063,2.492702292,-346.2313006
6.407176189,2.063788185,9.444697037,2.14067803,3.59184538,-341.2011945
6.506288749,2.093940555,9.582686006,2.196913237,4.687152894,-336.1886415
6.60693448,2.124879314,9.724273796,2.255109764,5.774905146,-331.2106644
6.7091371,2.15660182,9.869448313,2.315238448,6.85184839,-326.2821534
6.812920691,2.189105114,10.01819602,2.377270156,7.915172832,-321.4159674
6.918309709,2.22238596,10.17050211,2.441176008,8.962485597,-316.623057
7.02532899,2.256440869,10.32635062,2.506927566,9.99178038,-311.912604
7.134003751,2.291266134,10.48572457,2.574496981,11.00140527,-307.292168
7.244359601,2.326857856,10.64860612,2.643857114,11.99002989,-302.7678374
7.356422545,2.36321197,10.81497668,2.714981631,12.95661291,-298.3443777
7.470218989,2.400324274,10.98481701,2.787845065,13.90037043,-294.0253764
7.58577575,2.438190448,11.15810734,2.862422871,14.82074598,-289.8133801
7.703120058,2.476806079,11.33482749,2.938691449,15.71738231,-285.7100237
7.822279564,2.51616668,11.5149569,3.016628167,16.59009527,-281.7161499
7.943282347,2.556267709,11.69847479,3.09621136,17.43884988,-277.8319188
8.066156922,2.597104584,11.88536021,3.177420324,18.26373854,-274.0569077
8.190932242,2.638672704,12.07559208,3.260235309,19.06496146,-270.3902001
8.317637711,2.680967457,12.26914932,3.344637489,19.84280911,-266.8304669
8.446303186,2.723984238,12.46601083,3.430608947,20.59764667,-263.3760368
8.576958986,2.767718458,12.66615562,3.518132642,21.32990028,-260.0249596
8.7096359,2.812165554,12.86956281,3.607192377,22.04004499,-256.7750613
8.844365191,2.857321002,13.0762117,3.697772771,22.72859424,-253.6239923
8.98117861,2.90318032,13.28608176,3.789859221,23.39609072,-250.5692689
9.120108394,2.949739079,13.49915275,3.883437872,24.04309851,-247.6083097
9.261187281,2.99699291,13.71540464,3.97849558,24.67019633,-244.7384663
9.404448517,3.044937505,13.93481775,4.075019879,25.27797176,-241.9570496
9.54992586,3.093568627,14.15737267,4.172998947,25.86701636,-239.2613526
9.697653591,3.142882111,14.38305034,4.272421576,26.43792157,-236.6486684
9.847666521,3.192873868,14.61183206,4.373277137,26.99127525,-234.1163068
10,3.243539888,14.84369946,4.475555555,27.52765889,-231.6616068
10.15468992,3.294876243,15.07863458,4.579247272,28.04764523,-229.2819471
10.31177275,3.346879087,15.31661981,4.684343227,28.55179638,-226.9747555
10.47128548,3.399544658,15.55763794,4.790834824,29.04066236,-224.7375147
10.63326572,3.45286928,15.80167214,4.898713908,29.51477989,-222.5677686
10.79775162,3.506849363,16.04870598,5.007972741,29.97467151,-220.4631257
10.96478196,3.561481401,16.29872343,5.118603981,30.42084494,-218.4212627
11.13439609,3.616761975,16.55170883,5.230600655,30.85379264,-216.4399257
11.30663398,3.672687752,16.80764692,5.343956143,31.27399152,-214.5169323
11.48153621,3.729255484,17.06652285,5.458664158,31.68190282,-212.6501716
11.65914401,3.786462005,17.32832213,5.574718723,32.07797213,-210.8376045
11.83949922,3.844304235,17.59303066,5.692114161,32.46262942,-209.0772631
12.02264435,3.902779174,17.86063472,5.810845072,32.83628929,-207.3672503
12.20862254,3.961883905,18.13112094,5.930906321,33.19935116,-205.705738
12.39747763,4.021615588,18.40447635,6.052293023,33.55219959,-204.0909665
12.58925412,4.081971465,18.6806883,6.175000528,33.8952046,-202.5212422
12.78399719,4.142948852,18.95974453,6.29902441,34.22872206,-200.9949366
12.98175275,4.20454514,19.24163309,6.424360451,34.55309408,-199.5104842
13.18256739,4.266757796,19.52634239,6.551004635,34.8686494,-198.0663804
13.38648842,4.329584357,19.81386116,6.678953133,35.17570387,-196.6611798
13.59356391,4.393022432,20.10417845,6.808202294,35.4745608,-195.2934942
13.80384265,4.457069696,20.39728363,6.938748637,35.76551148,-193.9619908
14.01737418,4.521723895,20.69316638,7.070588838,36.04883556,-192.6653897
14.23420884,4.586982837,20.99181667,7.203719728,36.32480149,-191.4024623
14.45439771,4.652844395,21.29322476,7.338138277,36.59366696,-190.1720294
14.67799268,4.719306504,21.59738121,7.473841593,36.85567929,-188.9729591
14.90504643,4.78636716,21.90427684,7.610826911,37.1110759,-187.804165
15.13561248,4.854024415,22.21390274,7.749091591,37.36008461,-186.6646043
15.36974516,4.922276382,22.52625028,7.888633104,37.60292414,-185.5532762
15.60749963,4.991121226,22.84131105,8.029449033,37.83980438,-184.4692201
15.84893192,5.060557168,23.15907691,8.171537067,38.07092684,-183.4115139
16.09409893,5.13058248,23.47953996,8.31489499,38.29648497,-182.3792722
16.34305843,5.201195485,23.80269252,8.459520682,38.51666447,-181.3716452
16.59586907,5.272394555,24.12852714,8.605412111,38.73164368,-180.3878168
16.85259045,5.344178111,24.4570366,8.752567331,38.94159383,-179.4270033
17.11328304,5.41654462,24.78821388,8.900984476,39.1466794,-178.488452
17.37800829,5.489492592,25.12205216,9.050661756,39.34705837,-177.5714399
17.64682857,5.563020583,25.45854483,9.201597454,39.54288252,-176.6752725
17.91980722,5.63712719,25.79768547,9.353789923,39.73429768,-175.7992823
18.19700859,5.711811052,26.13946786,9.507237581,39.92144402,-174.9428279
18.47849797,5.787070846,26.48388593,9.66193891,40.10445626,-174.1052927
18.76434172,5.862905289,26.83093383,9.817892452,40.28346391,-173.2860841
19.05460718,5.939313135,27.18060583,9.975096803,40.45859151,-172.4846322
19.34936275,6.016293173,27.53289641,10.13355062,40.62995884,-171.7003886
19.6486779,6.093844228,27.88780019,10.2932526,40.79768112,-170.9328263
19.95262315,6.17196516,28.24531194,10.45420151,40.96186921,-170.1814378
20.26127013,6.250654858,28.60542659,10.61639614,41.12262978,-169.4457349
20.57469156,6.329912248,28.96813922,10.77983534,41.28006552,-168.7252477
20.89296131,6.409736282,29.33344503,10.944518,41.43427529,-168.0195239
21.21615437,6.490125946,29.70133938,11.11044305,41.58535428,-167.3281277
21.5443469,6.571080251,30.07181776,11.27760946,41.73339419,-166.6506395
21.87761624,6.652598239,30.44487576,11.44601625,41.87848335,-165.9866551
22.21604092,6.734678977,30.82050913,11.61566244,42.02070686,-165.335785
22.55970069,6.81732156,31.19871371,11.78654713,42.16014677,-164.6976538
22.90867653,6.900525108,31.57948549,11.95866942,42.29688214,-164.0718996
23.26305067,6.984288764,31.96282055,12.13202845,42.43098923,-163.4581734
23.62290663,7.068611698,32.34871507,12.3066234,42.56254157,-162.8561388
23.98832919,7.1534931,32.73716537,12.48245347,42.69161011,-162.2654709
24.35940447,7.238932184,33.12816783,12.65951788,42.8182633,-161.6858567
24.73621992,7.324928185,33.52171896,12.8378159,42.94256717,-161.1169939
25.11886432,7.411480361,33.91781537,13.01734681,43.06458551,-160.5585905
25.50742784,7.498587987,34.31645373,13.1981099,43.18437987,-160.010365
25.90200205,7.58625036,34.71763083,13.38010452,43.30200971,-159.4720451
26.30267992,7.674466797,35.12134354,13.56333,43.41753246,-158.9433681
26.70955588,7.76323663,35.5275888,13.74778573,43.5310036,-158.42408
27.12272579,7.852559213,35.93636367,13.9334711,43.64247675,-157.9139356
27.54228703,7.942433915,36.34766524,14.12038551,43.75200374,-157.4126975
27.96833846,8.032860123,36.76149072,14.30852841,43.85963468,-156.9201365
28.40098048,8.123837238,37.17783737,14.49789924,43.96541801,-156.4360308
28.84031503,8.215364681,37.59670253,14.68849748,44.06940061,-155.960166
29.28644565,8.307441885,38.01808361,14.8803226,44.1716278,-155.4923346
29.73947745,8.400068299,38.44197809,15.07337411,44.27214346,-155.0323359
30.1995172,8.493243386,38.86838351,15.26765152,44.37099005,-154.5799755
30.66667331,8.586966624,39.29729748,15.46315438,44.46820865,-154.1350654
31.14105584,8.681237504,39.72871768,15.65988221,44.56383908,-153.6974234
31.6227766,8.776055531,40.16264183,15.8578346,44.65791986,-153.2668731
32.11194909,8.871420221,40.59906772,16.0570111,44.75048833,-152.8432438
32.60868859,8.967331103,41.03799321,16.25741131,44.84158065,-152.4263699
33.11311215,9.063787721,41.47941619,16.45903482,44.93123188,-152.0160911
33.62533863,9.160789625,41.92333461,16.66188125,45.01947597,-151.6122518
34.14548874,9.258336382,42.36974649,16.86595022,45.10634586,-151.2147014
34.67368505,9.356427566,42.81864988,17.07124137,45.19187349,-150.8232938
35.21005202,9.455062764,43.27004289,17.27775433,45.2760898,-150.4378872
35.75471605,9.554241573,43.72392368,17.48548877,45.35902485,-150.0583441
36.30780548,9.653963598,44.18029044,17.69444435,45.44070777,-149.6845313
36.86945065,9.754228458,44.63914141,17.90462074,45.52116685,-149.3163193
37.4397839,9.855035777,45.10047489,18.11601763,45.60042953,-148.9535825
38.01893963,9.95638519,45.56428921,18.32863471,45.67852244,-148.5961989
38.60705432,10.05827634,46.03058273,18.54247168,45.75547147,-148.2440503
39.20426655,10.16070889,46.49935387,18.75752826,45.83130174,-147.8970215
39.81071706,10.26368248,46.97060109,18.97380416,45.90603763,-147.555001
40.42654874,10.3671968,47.44432285,19.19129911,45.97970287,-147.2178802
41.05190671,10.47125152,47.9205177,19.41001284,46.05232048,-146.8855538
41.68693835,10.57584633,48.39918419,19.6299451,46.12391285,-146.5579193
42.33179328,10.68098091,48.88032091,19.85109562,46.19450174,-146.2348771
42.98662347,10.78665497,49.36392649,20.07346417,46.26410829,-145.9163305
43.65158322,10.89286821,49.84999959,20.29705051,46.33275307,-145.6021852
44.32682923,10.99962036,50.3385389,20.5218544,46.40045609,-145.2923499
45.01252062,11.10691112,50.82954314,20.74787562,46.46723681,-144.9867354
45.70881896,11.21474023,51.32301107,20.97511395,46.53311414,-144.6852551
46.41588834,11.32310743,51.81894147,21.20356917,46.59810651,-144.3878248
47.13389536,11.43201244,52.31733315,21.43324108,46.66223183,-144.0943624
47.86300923,11.54145502,52.81818494,21.66412947,46.72550756,-143.804788
48.60340176,11.65143492,53.32149571,21.89623415,46.78795067,-143.5190241
49.35524741,11.76195189,53.82726435,22.12955492,46.84957771,-143.2369948
50.11872336,11.8730057,54.33548977,22.36409159,46.91040476,-142.9586266
50.89400952,11.98459612,54.84617091,22.59984398,46.97044753,-142.6838475
51.68128856,12.09672292,55.35930674,22.83681192,47.02972127,-142.4125878
52.48074602,12.20938589,55.87489625,23.07499522,47.08824089,-142.1447793
53.29257029,12.32258479,56.39293844,23.31439372,47.14602088,-141.8803556
54.11695265,12.43631943,56.91343235,23.55500725,47.20307537,-141.6192521
54.95408739,12.55058959,57.43637703,23.79683566,47.25941816,-141.3614056
55.80417175,12.66539507,57.96177156,24.03987878,47.31506266,-141.1067547
56.66740606,12.78073568,58.48961503,24.28413646,47.37002197,-140.8552395
57.54399373,12.89661122,59.01990655,24.52960855,47.42430888,-140.6068015
58.43414134,13.01302151,59.55264526,24.7762949,47.47793583,-140.3613838
59.33805863,13.12996635,60.08783032,25.02419537,47.53091497,-140.1189306
60.25595861,13.24744557,60.6254609,25.27330983,47.58325816,-139.8793878
61.18805758,13.36545898,61.16553618,25.52363813,47.63497697,-139.6427025
62.13457517,13.48400643,61.70805537,25.77518014,47.68608268,-139.4088229
63.09573445,13.60308773,62.2530177,26.02793574,47.73658631,-139.1776986
64.07176189,13.72270272,62.80042241,26.28190479,47.78649861,-138.9492805
65.06288749,13.84285125,63.35026875,26.53708718,47.83583009,-138.7235205
66.0693448,13.96353314,63.902556,26.79348278,47.88459099,-138.5003716
67.091371,14.08474824,64.45728345,27.05109147,47.93279133,-138.2797882
68.12920691,14.20649641,65.01445039,27.30991314,47.98044089,-138.0617253
69.18309709,14.32877749,65.57405615,27.56994768,48.02754921,-137.8461393
70.2532899,14.45159134,66.13610006,27.83119497,48.07412562,-137.6329875
71.34003751,14.57493781,66.70058146,28.09365491,48.12017925,-137.4222282
72.44359601,14.69881676,67.26749971,28.35732739,48.165719,-137.2138206
73.56422545,14.82322806,67.83685419,28.62221231,48.21075358,-137.0077248
74.70218989,14.94817157,68.40864427,28.88830957,48.2552915,-136.803902
75.8577575,15.07364717,68.98286937,29.15561907,48.29934108,-136.602314
77.03120058,15.19965471,69.55952888,29.42414071,48.34291046,-136.4029236
78.22279564,15.32619408,70.13862224,29.6938744,48.38600757,-136.2056944
79.43282347,15.45326516,70.72014886,29.96482005,48.42864022,-136.0105909
80.66156922,15.58086781,71.30410821,30.23697757,48.47081599,-135.8175782
81.90932242,15.70900192,71.89049973,30.51034687,48.51254234,-135.6266222
83.17637711,15.83766738,72.4793229,30.78492786,48.55382654,-135.4376896
84.46303186,15.96686408,73.07057718,31.06072046,48.59467571,-135.2507479
85.76958986,16.09659189,73.66426207,31.33772458,48.63509683,-135.0657652
87.096359,16.22685071,74.26037707,31.61594015,48.67509671,-134.8827102
88.44365191,16.35764043,74.85892169,31.89536708,48.71468202,-134.7015524
89.8117861,16.48896095,75.45989543,32.17600531,48.75385931,-134.5222619
91.20108394,16.62081216,76.06329784,32.45785474,48.79263496,-134.3448094
92.61187281,16.75319396,76.66912844,32.74091531,48.83101525,-134.1691663
94.04448517,16.88610626,77.27738678,33.02518695,48.86900629,-133.9953045
95.4992586,17.01954895,77.88807242,33.31066958,48.90661411,-133.8231966
96.97653591,17.15352195,78.50118491,33.59736314,48.94384457,-133.6528155
98.47666521,17.28802514,79.11672383,33.88526755,48.98070343,-133.484135
100,17.42305846,79.73468876,34.17438275,49.01719635,-133.3171292
