cell_id,surface_order,donor_cell_ids,cv_deviance
1,2,1,{"best_order":2;"candidates":{"0":{"failed_fold_count":0;"fold_scores":[545.7492094933439;478.38505500555397;463.42672078283573;472.0015912231322;635.4467737340877;736.8099366212191;813.343570463029;726.5575356023752];"mean":608.9650491156972;"standard_error":48.84961268289966;"valid":true};"1":{"failed_fold_count":0;"fold_scores":[502.41173919666943;536.4154811346718;498.8601461985079;434.1107249010115;433.83902752162624;521.2144655190251;612.1358856898389;532.6166305883653];"mean":508.9505125937145;"standard_error":20.484896641613073;"valid":true};"2":{"failed_fold_count":0;"fold_scores":[478.2953676878141;474.7777127106702;456.31720262366804;415.21046832917636;394.24964253371155;457.90336832486264;553.2479691563444;513.2077818099875];"mean":467.9011891470293;"standard_error":17.892083876251007;"valid":true}};"failures":{"0":[];"1":[];"2":[]};"fold_contract":{"azimuth_sectors":8;"leave_one_donor_cell_out":false;"sector_zero_angle_rad":0.0};"one_se_threshold":485.79327302328034}
2,2,2,{"best_order":2;"candidates":{"0":{"failed_fold_count":0;"fold_scores":[505.3673742790429;468.13441277660104;479.73515082421306;457.0684799039881;548.9121740632111;581.4466662215737;446.11010951258464;501.11108903914953];"mean":498.48568207754545;"standard_error":16.481035444049954;"valid":true};"1":{"failed_fold_count":0;"fold_scores":[498.18507851447146;479.74593436570825;505.623940726344;456.32106697711833;494.24004156389515;510.22471532760176;406.63070970373565;456.4089279241923];"mean":475.92255188788334;"standard_error":12.299055432050745;"valid":true};"2":{"failed_fold_count":0;"fold_scores":[486.9076067847008;464.49266033781976;477.7902693474429;451.39098408570135;480.64411452821486;449.68728269456994;397.3089515607853;445.2807056401591];"mean":456.68782187242425;"standard_error":10.112231570164488;"valid":true}};"failures":{"0":[];"1":[];"2":[]};"fold_contract":{"azimuth_sectors":8;"leave_one_donor_cell_out":false;"sector_zero_angle_rad":0.0};"one_se_threshold":466.80005344258876}
3,1,3,{"best_order":2;"candidates":{"0":{"failed_fold_count":0;"fold_scores":[445.42571621136824;458.8582528790493;472.0788057359385;500.7719964088343;454.7625351980057;470.31954781445717;499.1864876532285;489.5829176623472];"mean":473.8732824454036;"standard_error":7.351963760730868;"valid":true};"1":{"failed_fold_count":0;"fold_scores":[445.31850683847745;459.1653834392672;473.6959155810116;501.15908533907407;454.56547722417827;468.97765444762433;497.28666016175595;489.03204195123925];"mean":473.65009062282854;"standard_error":7.258711818485377;"valid":true};"2":{"failed_fold_count":0;"fold_scores":[440.6520954664582;456.5013113565842;468.10913274496977;497.484517965308;454.0060229221574;464.0561454282714;488.6444954420385;482.75342055409243];"mean":469.02589273498495;"standard_error":6.809002416322717;"valid":true}};"failures":{"0":[];"1":[];"2":[]};"fold_contract":{"azimuth_sectors":8;"leave_one_donor_cell_out":false;"sector_zero_angle_rad":0.0};"one_se_threshold":475.83489515130765}
4,2,4,{"best_order":2;"candidates":{"0":{"failed_fold_count":0;"fold_scores":[594.8546207840226;623.816132248588;540.1469001351297;578.7164999600664;530.0083244391082;593.7091888296934;548.4709223403847;579.0588721333694];"mean":573.5976826087954;"standard_error":11.247690830243767;"valid":true};"1":{"failed_fold_count":0;"fold_scores":[598.700986250826;628.3914722553222;545.772127402972;578.9151408749183;527.4769365596034;586.0265474147811;542.1486712049156;578.3281296563699];"mean":573.2200014524635;"standard_error":11.746540768988208;"valid":true};"2":{"failed_fold_count":0;"fold_scores":[584.5757894117912;620.3469656669504;526.3064588851439;574.264283990459;499.0200593828963;556.0472496154454;522.7790142223338;562.5444548822038];"mean":555.735534507153;"standard_error":13.735393735385122;"valid":true}};"failures":{"0":[];"1":[];"2":[]};"fold_contract":{"azimuth_sectors":8;"leave_one_donor_cell_out":false;"sector_zero_angle_rad":0.0};"one_se_threshold":569.4709282425382}
5,2,5,{"best_order":2;"candidates":{"0":{"failed_fold_count":0;"fold_scores":[663.9308817010553;696.185190812145;646.0879057071506;728.9790693548251;755.4330202638905;705.2871304296475;656.8363236002789;641.0162770827502];"mean":686.7194748689678;"standard_error":14.695608957236045;"valid":true};"1":{"failed_fold_count":0;"fold_scores":[671.411806151667;707.153359857546;658.6119076773118;723.1177198491787;734.5826777939915;685.3844299532939;637.4659262993198;628.0105524284056];"mean":680.7172975013393;"standard_error":13.78653914094008;"valid":true};"2":{"failed_fold_count":0;"fold_scores":[609.7235114397645;676.8248662108552;626.1174332783223;690.9225376208159;658.4250063834558;629.9059204247644;606.4644880875856;570.6118115743669];"mean":633.6244468774913;"standard_error":14.087803844795076;"valid":true}};"failures":{"0":[];"1":[];"2":[]};"fold_contract":{"azimuth_sectors":8;"leave_one_donor_cell_out":false;"sector_zero_angle_rad":0.0};"one_se_threshold":647.7122507222864}
6,2,6,{"best_order":2;"candidates":{"0":{"failed_fold_count":0;"fold_scores":[845.1045081669694;846.6985266162236;894.3461891745822;947.0715455261347;944.0957449425136;972.8261677483297;848.4103157088227;933.2539225944058];"mean":903.9758650597478;"standard_error":18.415444975363027;"valid":true};"1":{"failed_fold_count":0;"fold_scores":[850.6817622133617;879.1191567814669;907.9062841039758;941.3290463870776;913.1274825661301;918.849815966709;809.2247663696972;915.184229579314];"mean":891.9278179959665;"standard_error":15.30404174329018;"valid":true};"2":{"failed_fold_count":0;"fold_scores":[797.8323315652589;780.0188268291424;820.4515330784142;798.5373444416257;813.8779770897178;773.8918034327937;708.9573802201198;813.524685611379];"mean":788.3864852835565;"standard_error":12.741434626473692;"valid":true}};"failures":{"0":[];"1":[];"2":[]};"fold_contract":{"azimuth_sectors":8;"leave_one_donor_cell_out":false;"sector_zero_angle_rad":0.0};"one_se_threshold":801.1279199100302}
15,1,15,{"best_order":2;"candidates":{"0":{"failed_fold_count":0;"fold_scores":[525.7383009350565;468.9873253753291;441.53725799170485;449.52145663718795;477.9038705195978;497.81858595731455;451.5267860684784;562.5989375046582];"mean":484.45406512366594;"standard_error":14.891326506518064;"valid":true};"1":{"failed_fold_count":0;"fold_scores":[508.13187533820775;469.060301224315;441.07135838376297;444.58145143094987;477.1692431413803;469.620326316856;426.7593776272675;520.2779559788651];"mean":469.58398618020055;"standard_error":11.484207951767955;"valid":true};"2":{"failed_fold_count":0;"fold_scores":[508.31257278482957;465.1366078796102;438.5726787184323;442.67899583463253;481.3789874842729;466.9291156953708;424.1641329965809;516.8085798164554];"mean":467.9977089012731;"standard_error":11.668354475785264;"valid":true}};"failures":{"0":[];"1":[];"2":[]};"fold_contract":{"azimuth_sectors":8;"leave_one_donor_cell_out":false;"sector_zero_angle_rad":0.0};"one_se_threshold":479.6660633770583}
16,1,16,{"best_order":0;"candidates":{"0":{"failed_fold_count":0;"fold_scores":[454.49654326189165;484.44224997694846;482.76871040628885;469.38118686161096;509.1559507198479;425.7595632832842;472.7190658054614;524.6053783488281];"mean":477.91608108302023;"standard_error":10.848460484752604;"valid":true};"1":{"failed_fold_count":0;"fold_scores":[453.73991695306574;484.7177012853713;482.2633693688517;469.617185841946;509.1839680572923;425.58505545649507;472.9617329957482;525.896926591276];"mean":477.99573206875584;"standard_error":10.988137168636037;"valid":true};"2":{"failed_fold_count":0;"fold_scores":[453.40067126867245;484.89020443366326;482.4341903498994;472.0318504829086;508.47896722119646;426.734943797695;473.7507157050847;526.5237483240219];"mean":478.5306614478927;"standard_error":10.8852077954747;"valid":true}};"failures":{"0":[];"1":[];"2":[]};"fold_contract":{"azimuth_sectors":8;"leave_one_donor_cell_out":false;"sector_zero_angle_rad":0.0};"one_se_threshold":488.7645415677728}
17,1,17,{"best_order":0;"candidates":{"0":{"failed_fold_count":0;"fold_scores":[439.8541571277649;467.4672848074329;532.4217174481334;491.9135761631284;490.47770831699887;436.0428615846786;478.6998689591377;447.2740138242183];"mean":473.01889852893663;"standard_error":11.482544272544764;"valid":true};"1":{"failed_fold_count":0;"fold_scores":[438.41642121717695;468.5046119193961;532.7049653308715;491.75727368538804;489.58879220459744;438.5132678496308;479.3037753216199;447.14522802217687];"mean":473.24179194385715;"standard_error":11.421324407572381;"valid":true};"2":{"failed_fold_count":0;"fold_scores":[438.2085683292754;472.48884824662514;535.2579590248179;491.6133096337488;490.0668672788132;437.8419908979216;477.27185889314563;448.7420221325889];"mean":473.93642805461707;"standard_error":11.619150143046483;"valid":true}};"failures":{"0":[];"1":[];"2":[]};"fold_contract":{"azimuth_sectors":8;"leave_one_donor_cell_out":false;"sector_zero_angle_rad":0.0};"one_se_threshold":484.5014428014814}
18,1,18,{"best_order":2;"candidates":{"0":{"failed_fold_count":0;"fold_scores":[542.6891230828139;535.1237405324819;559.2434072936342;564.3739115124384;569.864203885525;559.9828254057827;506.048056864571;582.9102804405011];"mean":552.5294436272185;"standard_error":8.477618127247975;"valid":true};"1":{"failed_fold_count":0;"fold_scores":[542.2799276513323;535.5435709484248;559.7000638938224;564.0701124052514;569.6741298351402;559.9286574378079;505.89110210019373;582.9225991501402];"mean":552.5012704277641;"standard_error":8.47869005489826;"valid":true};"2":{"failed_fold_count":0;"fold_scores":[543.7828936698195;533.511708377984;558.9590150910551;567.3826966076404;568.8428086333402;559.4237234498459;505.7887739315888;582.2216319620393];"mean":552.4891564654141;"standard_error":8.535739091393339;"valid":true}};"failures":{"0":[];"1":[];"2":[]};"fold_contract":{"azimuth_sectors":8;"leave_one_donor_cell_out":false;"sector_zero_angle_rad":0.0};"one_se_threshold":561.0248955568075}
19,2,19,{"best_order":2;"candidates":{"0":{"failed_fold_count":0;"fold_scores":[635.6416458353274;608.0379692049157;640.046881149881;605.9188006400052;610.1672798734108;628.5188774680084;641.464733829809;638.8529643013802];"mean":626.0811440378423;"standard_error":5.473130962285361;"valid":true};"1":{"failed_fold_count":0;"fold_scores":[635.5613084282679;606.9994196959608;641.4141808145237;607.1410849329457;612.2983943892905;628.716409381264;640.1555791644782;637.1048874869463];"mean":626.1739080367097;"standard_error":5.2851986552332475;"valid":true};"2":{"failed_fold_count":0;"fold_scores":[613.86446680854;604.2238160561569;634.4647501082782;600.3878013389332;597.3514377163857;611.8188408318927;630.2464839905806;619.8593581242278];"mean":614.0271193718743;"standard_error":4.780721345305923;"valid":true}};"failures":{"0":[];"1":[];"2":[]};"fold_contract":{"azimuth_sectors":8;"leave_one_donor_cell_out":false;"sector_zero_angle_rad":0.0};"one_se_threshold":618.8078407171802}
20,2,20,{"best_order":2;"candidates":{"0":{"failed_fold_count":0;"fold_scores":[724.0510537948263;809.1696731966626;816.0778730845691;780.5875141014549;802.8463930098442;780.7752763967287;835.7743646376039;791.6172649543395];"mean":792.6124266470036;"standard_error":11.785906679458098;"valid":true};"1":{"failed_fold_count":0;"fold_scores":[723.111961244361;808.3160220940078;816.0978500456856;783.5192085605692;805.3235895716602;781.9290512781953;835.2085270910524;789.9425503964278];"mean":792.9310950352449;"standard_error":11.807701116370058;"valid":true};"2":{"failed_fold_count":0;"fold_scores":[706.2439354853522;773.1725312044562;795.8081594539544;743.6961052156935;779.4121609235094;772.6444888101663;823.5749011105759;755.1591289308902];"mean":768.7139263918248;"standard_error":12.396520527575532;"valid":true}};"failures":{"0":[];"1":[];"2":[]};"fold_contract":{"azimuth_sectors":8;"leave_one_donor_cell_out":false;"sector_zero_angle_rad":0.0};"one_se_threshold":781.1104469194003}
21,1,20;21,{"best_order":2;"candidates":{"0":{"failed_fold_count":0;"fold_scores":[1452.30994450932;1514.17365102398;1531.523425724335;1436.047911955089;1548.8016499655746;1506.9221666993924;1569.4832593530946;1549.3986088641027;6355.814644594573;5778.6714629657];"mean":2424.314672565516;"standard_error":608.8207700545845;"valid":true};"1":{"failed_fold_count":0;"fold_scores":[1451.3707311328812;1512.6432089293744;1530.371449498101;1438.6520226217222;1551.120085441335;1508.1408757866725;1569.3981519637816;1548.5421376127924;6367.181283420566;5780.322403725403];"mean":2425.774235013263;"standard_error":609.7093735614159;"valid":true};"2":{"failed_fold_count":0;"fold_scores":[1427.876084462779;1467.1952753737437;1509.5025385150902;1398.3226136346582;1527.7383378842317;1497.2268308388554;1555.225072869004;1512.5940042886164;6178.496420325495;5756.969910860371];"mean":2383.1147089052847;"standard_error":598.441474051836;"valid":true}};"failures":{"0":[];"1":[];"2":[]};"fold_contract":{"azimuth_sectors":8;"leave_one_donor_cell_out":true;"sector_zero_angle_rad":0.0};"one_se_threshold":2981.5561829571207}
28,1,28,{"best_order":2;"candidates":{"0":{"failed_fold_count":0;"fold_scores":[457.8455257167761;508.51432436270875;440.47544497260964;442.36814645809875;407.7850890126773;555.8696841333441;492.99200524520074;510.07413881881115];"mean":476.9905448400283;"standard_error":17.036844567754294;"valid":true};"1":{"failed_fold_count":0;"fold_scores":[453.010142226636;519.2742895987304;442.5478340270339;436.6802504089428;392.1404163484945;540.7269270236962;479.9302919994228;493.98689860286134];"mean":469.78713127947725;"standard_error":17.070479156634967;"valid":true};"2":{"failed_fold_count":0;"fold_scores":[450.7908011568976;511.9967123315298;440.4703771887116;434.094478845931;394.3744850497636;540.0036625628247;477.76843332024976;493.25780914189045];"mean":467.84459494972486;"standard_error":16.624939096643214;"valid":true}};"failures":{"0":[];"1":[];"2":[]};"fold_contract":{"azimuth_sectors":8;"leave_one_donor_cell_out":false;"sector_zero_angle_rad":0.0};"one_se_threshold":484.4695340463681}
29,1,29,{"best_order":2;"candidates":{"0":{"failed_fold_count":0;"fold_scores":[430.2250077202466;492.0053740544828;484.31417308896243;459.47401951300714;470.4428969904686;467.95518666668306;489.3299721068608;475.586295812163];"mean":471.16661574410927;"standard_error":7.046177177929699;"valid":true};"1":{"failed_fold_count":0;"fold_scores":[436.4228335305337;493.9046362853196;480.6301689275954;454.40025842718336;469.978770534451;463.87073048626814;485.10648940564045;473.0026665326681];"mean":469.6645692662074;"standard_error":6.449114676689948;"valid":true};"2":{"failed_fold_count":0;"fold_scores":[434.8606518887863;492.740652738912;481.19607225111235;453.987324875021;471.89767178267977;463.4066751581969;484.57271470783326;472.64876581665794];"mean":469.41381615239993;"standard_error":6.5429529213406745;"valid":true}};"failures":{"0":[];"1":[];"2":[]};"fold_contract":{"azimuth_sectors":8;"leave_one_donor_cell_out":false;"sector_zero_angle_rad":0.0};"one_se_threshold":475.9567690737406}
30,1,30,{"best_order":0;"candidates":{"0":{"failed_fold_count":0;"fold_scores":[439.6298666016892;428.47436065256966;448.53478031118993;482.0903907413989;492.6598605281207;415.8599065774097;477.76880417089194;452.8404789369487];"mean":454.73230606502733;"standard_error":9.625356748487192;"valid":true};"1":{"failed_fold_count":0;"fold_scores":[439.6455578390637;428.2570645903837;448.96870887753727;480.9952966730372;492.735594257909;416.0338843485548;478.9963380803174;452.74602336143863];"mean":454.7973085035302;"standard_error":9.623246254224567;"valid":true};"2":{"failed_fold_count":0;"fold_scores":[439.6052572651966;428.2464064488154;449.4780212305492;481.552752956225;492.52956698889705;416.5459079050139;478.6958038649434;452.7720483413008];"mean":454.92822062511766;"standard_error":9.582250219668834;"valid":true}};"failures":{"0":[];"1":[];"2":[]};"fold_contract":{"azimuth_sectors":8;"leave_one_donor_cell_out":false;"sector_zero_angle_rad":0.0};"one_se_threshold":464.35766281351454}
31,1,31,{"best_order":0;"candidates":{"0":{"failed_fold_count":0;"fold_scores":[484.33946910931877;472.47850774083895;523.0873808829373;463.69929129772277;445.7914914936886;504.3607038187029;419.76641855216405;504.2483402106243];"mean":477.2214503882497;"standard_error":12.03833824533972;"valid":true};"1":{"failed_fold_count":0;"fold_scores":[482.54903406404014;473.6833006611409;522.5313720798422;464.0459755104146;446.4992084207307;504.80318995531235;420.10271277162815;504.4578746175502];"mean":477.33408351008245;"standard_error":11.934616371444276;"valid":true};"2":{"failed_fold_count":0;"fold_scores":[485.5820530993549;476.5551570350175;523.0635036598097;463.8877750676156;445.52478721849195;505.8499084542942;419.7938321826626;503.8125806672733];"mean":478.00869967306494;"standard_error":12.081533198854734;"valid":true}};"failures":{"0":[];"1":[];"2":[]};"fold_contract":{"azimuth_sectors":8;"leave_one_donor_cell_out":false;"sector_zero_angle_rad":0.0};"one_se_threshold":489.25978863358944}
32,1,32,{"best_order":2;"candidates":{"0":{"failed_fold_count":0;"fold_scores":[472.48769560044894;494.98300001511365;448.8745483694332;447.90253602922724;441.0154004505445;501.42406501401376;526.3208874793091;527.9883360149979];"mean":482.624558621636;"standard_error":12.429913551197943;"valid":true};"1":{"failed_fold_count":0;"fold_scores":[472.8432018393298;494.93696020641585;448.6986047287121;448.157612844455;441.6161577125082;501.5349680089712;526.5677982539175;528.2582977699551];"mean":482.82670017053306;"standard_error":12.420190193470257;"valid":true};"2":{"failed_fold_count":0;"fold_scores":[473.6315986432357;494.1669239203758;448.8099929200186;448.814107184255;441.1161736700067;499.73078405856256;527.1442540867297;526.5025173819193];"mean":482.4895439831379;"standard_error":12.264475917327609;"valid":true}};"failures":{"0":[];"1":[];"2":[]};"fold_contract":{"azimuth_sectors":8;"leave_one_donor_cell_out":false;"sector_zero_angle_rad":0.0};"one_se_threshold":494.7540199004655}
33,1,33,{"best_order":2;"candidates":{"0":{"failed_fold_count":0;"fold_scores":[682.0039405040386;727.7568192498431;646.8870388985008;708.705018655403;692.984256746987;695.629262115169;694.4583273834551;719.5802923295827];"mean":696.0006194853725;"standard_error":8.809009986894543;"valid":true};"1":{"failed_fold_count":0;"fold_scores":[681.0124662494712;727.0375425878834;645.6365824549937;708.9628329417527;693.7310302530907;695.3663119226248;694.591408215851;720.0185969145236];"mean":695.7945964425239;"standard_error":8.940830768350152;"valid":true};"2":{"failed_fold_count":0;"fold_scores":[674.4063896628041;718.0450881796236;637.4048430247631;703.0396047296354;694.9652866535489;702.5835670846488;690.0880420600679;715.02606844334];"mean":691.944861229804;"standard_error":9.20502743724222;"valid":true}};"failures":{"0":[];"1":[];"2":[]};"fold_contract":{"azimuth_sectors":8;"leave_one_donor_cell_out":false;"sector_zero_angle_rad":0.0};"one_se_threshold":701.1498886670462}
34,1,33;34,{"best_order":2;"candidates":{"0":{"failed_fold_count":0;"fold_scores":[1488.20746869401;1559.3554229822994;1455.1747066414227;1531.5325542956625;1528.874135720935;1524.4975560010168;1544.9155849315248;1545.973689638986;5576.322752210814;6641.982805125088];"mean":2439.6836676241755;"standard_error":616.7889155511335;"valid":true};"1":{"failed_fold_count":0;"fold_scores":[1486.640457426317;1556.816266397428;1452.371855230566;1532.3243095755372;1531.073691097891;1524.77018098841;1545.3527458020653;1545.6264759725188;5605.440570652272;6628.327347704742];"mean":2440.8743900847744;"standard_error":617.4713230846789;"valid":true};"2":{"failed_fold_count":0;"fold_scores":[1476.4568654379736;1540.1034703491323;1441.8963370373085;1514.416736060764;1524.0427719788795;1528.5201903419452;1543.5083483823062;1534.4853457548597;5583.814773313654;6589.676251816103];"mean":2427.6921090472924;"standard_error":614.5137289505984;"valid":true}};"failures":{"0":[];"1":[];"2":[]};"fold_contract":{"azimuth_sectors":8;"leave_one_donor_cell_out":true;"sector_zero_angle_rad":0.0};"one_se_threshold":3042.2058379978907}
42,1,42,{"best_order":1;"candidates":{"0":{"failed_fold_count":0;"fold_scores":[467.2889429739429;467.5544780989951;468.63389542482884;447.7298725667828;479.42118749866324;422.9373666552667;496.4470596443757;459.8727847815144];"mean":463.73569845554624;"standard_error":7.679845047719015;"valid":true};"1":{"failed_fold_count":0;"fold_scores":[465.8221034265142;465.4934299805557;471.250101848824;444.4728384948846;473.686766133627;420.8835854380315;493.4392772685376;460.3690873292286];"mean":461.92714874002536;"standard_error":7.603763077094512;"valid":true};"2":{"failed_fold_count":0;"fold_scores":[465.85463382693183;467.0656288223228;469.5908783235292;446.35319636599195;472.9302852375231;421.5507221635644;493.2388975429408;460.55849294118605];"mean":462.1428419029988;"standard_error":7.411816506282416;"valid":true}};"failures":{"0":[];"1":[];"2":[]};"fold_contract":{"azimuth_sectors":8;"leave_one_donor_cell_out":false;"sector_zero_angle_rad":0.0};"one_se_threshold":469.5309118171199}
43,1,43,{"best_order":1;"candidates":{"0":{"failed_fold_count":0;"fold_scores":[493.8990221715004;482.25983622307086;428.8960681206713;469.7706925767516;493.19917771127825;516.310788523253;451.29661642764813;497.7146937239009];"mean":479.16836193475933;"standard_error":9.94573988454746;"valid":true};"1":{"failed_fold_count":0;"fold_scores":[492.9938827324702;481.1259457562827;430.3615077833979;468.0136950175649;486.28932879651245;516.5958854482068;446.82059783602836;494.48901362691095];"mean":477.0862321246718;"standard_error":9.81931273545989;"valid":true};"2":{"failed_fold_count":0;"fold_scores":[491.83026275366205;484.01692609949004;429.12234774754427;466.55409918511293;483.5176892347637;526.853997660575;443.7200881561056;493.9811679240232];"mean":477.4495723451596;"standard_error":10.850244733928877;"valid":true}};"failures":{"0":[];"1":[];"2":[]};"fold_contract":{"azimuth_sectors":8;"leave_one_donor_cell_out":false;"sector_zero_angle_rad":0.0};"one_se_threshold":486.9055448601317}
44,1,44,{"best_order":0;"candidates":{"0":{"failed_fold_count":0;"fold_scores":[501.3267763834412;515.6963347629061;468.4244261407316;490.35585704887376;480.39274483163393;462.44321932749074;484.8570108915526;514.4929355510742];"mean":489.748663117213;"standard_error":6.984362488849339;"valid":true};"1":{"failed_fold_count":0;"fold_scores":[501.194013964501;515.6288680944604;468.45677605125786;490.6611980321259;480.44092825287214;462.69614301542254;484.7491861073298;514.4241835574484];"mean":489.7814121344272;"standard_error":6.953029288463072;"valid":true};"2":{"failed_fold_count":0;"fold_scores":[501.485072008344;515.5222817380854;468.3997551556558;490.1214423899471;482.90289825024666;464.575227787165;484.4678266743682;514.2670447940849];"mean":490.2176935997371;"standard_error":6.768865496022517;"valid":true}};"failures":{"0":[];"1":[];"2":[]};"fold_contract":{"azimuth_sectors":8;"leave_one_donor_cell_out":false;"sector_zero_angle_rad":0.0};"one_se_threshold":496.73302560606237}
45,1,45,{"best_order":1;"candidates":{"0":{"failed_fold_count":0;"fold_scores":[453.8308700102974;452.04896245139537;476.58594030287344;466.09803033956996;459.3186674028074;437.88803421141625;434.37476790545804;548.1074391265058];"mean":466.03158896879046;"standard_error":12.69947455553073;"valid":true};"1":{"failed_fold_count":0;"fold_scores":[453.98848524177856;450.26972527674405;476.3885653344035;465.0090624577374;459.7701584871496;437.086488773014;434.4127163896054;550.0048003002623];"mean":465.86625028258686;"standard_error":12.976520128953362;"valid":true};"2":{"failed_fold_count":0;"fold_scores":[453.6571318199548;452.2856122897059;476.66730265177114;464.32374242642175;459.7155102022009;437.3646277592637;434.1487946128603;549.3170115666019];"mean":465.9349666660975;"standard_error":12.867942748361935;"valid":true}};"failures":{"0":[];"1":[];"2":[]};"fold_contract":{"azimuth_sectors":8;"leave_one_donor_cell_out":false;"sector_zero_angle_rad":0.0};"one_se_threshold":478.84277041154024}
46,1,45;46,{"best_order":2;"candidates":{"0":{"failed_fold_count":0;"fold_scores":[977.3718803150754;965.7110520167884;1050.773890607321;965.8805575202282;1015.5923600461426;1035.2053180200116;910.561937784156;1029.5731630934004;3745.5649115799147;4232.402803693532];"mean":1592.8637874676572;"standard_error":401.2129668234324;"valid":true};"1":{"failed_fold_count":0;"fold_scores":[977.7323589843165;963.5412317053771;1050.8651642070174;964.67065614208;1015.3625696255233;1034.405652579048;910.8627788634064;1031.8576702035084;3732.18768870842;4225.280048706603];"mean":1590.6765819725301;"standard_error":399.9212886989146;"valid":true};"2":{"failed_fold_count":0;"fold_scores":[977.057958548845;965.9179060001441;1050.8197940279297;964.2976922035689;1014.7563876804081;1033.7852485436497;910.5317509270549;1031.0966056966222;3731.859636753803;4225.3058422127];"mean":1590.5428822594724;"standard_error":399.91835119436416;"valid":true}};"failures":{"0":[];"1":[];"2":[]};"fold_contract":{"azimuth_sectors":8;"leave_one_donor_cell_out":true;"sector_zero_angle_rad":0.0};"one_se_threshold":1990.4612334538365}
47,1,45;46;47;48,{"best_order":1;"candidates":{"0":{"failed_fold_count":0;"fold_scores":[2013.8900678426244;1931.5494184811264;2036.0987506410959;1977.893420872793;2003.26858758553;2055.802480991057;1944.6931365327519;2055.555529253458;3745.5649115799147;4232.402803693532;5088.715845696069;2991.5996943651216];"mean":2673.0862206279226;"standard_error":315.42964982206405;"valid":true};"1":{"failed_fold_count":0;"fold_scores":[2014.8706660194875;1928.7840974188382;2035.3496636026373;1975.9682885652978;2003.1057353299964;2054.954298343464;1945.064799662055;2057.952361177456;3733.8049051229336;4224.9737171585475;5086.159938796531;2987.7629767187104];"mean":2670.729287326329;"standard_error":314.72256867510526;"valid":true};"2":{"failed_fold_count":0;"fold_scores":[2014.574207563841;1929.4888140961916;2034.8324651281869;1976.2880616530285;2003.2276490545619;2056.1477510851123;1943.7264638085621;2056.4913834484146;3755.2427502854025;4226.431797805486;5086.635404002427;2986.9749525020134];"mean":2672.505141702769;"standard_error":315.37178775886;"valid":true}};"failures":{"0":[];"1":[];"2":[]};"fold_contract":{"azimuth_sectors":8;"leave_one_donor_cell_out":true;"sector_zero_angle_rad":0.0};"one_se_threshold":2985.4518560014344}
48,1,46;47;48;49,{"best_order":1;"candidates":{"0":{"failed_fold_count":0;"fold_scores":[1724.8084727340322;1610.1062896535102;1700.7746092706195;1707.0015971621722;1781.377685787879;1856.76900179568;1719.0622682696267;1703.6982239548872;4232.402803693532;5088.715845696069;2991.5996943651216;1532.3314921369215];"mean":2304.053998710004;"standard_error":339.94817562042886;"valid":true};"1":{"failed_fold_count":0;"fold_scores":[1725.7192941464727;1608.9357461328734;1700.0591303617477;1705.4383436375656;1780.6360555302776;1857.6781548725708;1719.17816654664;1703.7762345386923;4228.20775601458;5087.381653026467;2986.779900732237;1526.027674811665];"mean":2302.4848425293158;"standard_error":339.7540595946527;"valid":true};"2":{"failed_fold_count":0;"fold_scores":[1726.9658315407905;1606.6900310374306;1698.5903748468954;1706.7756846278148;1780.315042124544;1855.3834083795348;1717.3262182534236;1701.1330599118667;4252.386819291682;5081.500115243354;2981.8570519241557;1524.332394897467];"mean":2302.77133600658;"standard_error":340.49447672932735;"valid":true}};"failures":{"0":[];"1":[];"2":[]};"fold_contract":{"azimuth_sectors":8;"leave_one_donor_cell_out":true;"sector_zero_angle_rad":0.0};"one_se_threshold":2642.2389021239683}
56,1,55;56;57,{"best_order":1;"candidates":{"0":{"failed_fold_count":0;"fold_scores":[1282.8328654607842;1300.601074881115;1249.254347177225;1248.330096739201;1233.5909146991858;1214.6336578701714;1228.4439998051898;1239.6862183009791;1723.3201817949011;4383.843887645104;3980.3674092843694];"mean":1825.9004230598387;"standard_error":354.9311624437461;"valid":true};"1":{"failed_fold_count":0;"fold_scores":[1283.9217708078997;1302.9265100040784;1246.640684601602;1249.97805824648;1233.885192471144;1211.9961359656727;1227.7193121108644;1238.9773017513805;1718.2257891353493;4368.556404089506;3931.225122940059];"mean":1819.4592983749126;"standard_error":351.2673143520598;"valid":true};"2":{"failed_fold_count":0;"fold_scores":[1284.3852057366173;1302.5693383151422;1247.8255034143904;1249.4464398372668;1234.169589677619;1212.2785890382563;1228.3338229111043;1239.2953436414016;1718.3770370830766;4369.322026632441;3946.8910122354673];"mean":1821.1721735020712;"standard_error":352.1410144861343;"valid":true}};"failures":{"0":[];"1":[];"2":[]};"fold_contract":{"azimuth_sectors":8;"leave_one_donor_cell_out":true;"sector_zero_angle_rad":0.0};"one_se_threshold":2170.7266127269722}
57,1,57,{"best_order":0;"candidates":{"0":{"failed_fold_count":0;"fold_scores":[479.4504965351205;515.106525544054;516.5593938044915;485.7333222631298;462.2046306664372;475.8193290409739;495.1879579356281;486.78231703932363];"mean":489.60549660364484;"standard_error":6.647949333923017;"valid":true};"1":{"failed_fold_count":0;"fold_scores":[480.4326882810527;517.2832778639663;515.2213060826467;488.3743128799568;462.0638067383137;473.4841294831894;495.0054895922141;486.77983841959735];"mean":489.83060616761713;"standard_error":6.765283661349337;"valid":true};"2":{"failed_fold_count":0;"fold_scores":[480.7055226476182;516.9891157622544;516.0525350080361;487.78032496117333;462.24237100514375;473.34306029638583;495.7965514008874;487.0590409832879];"mean":489.9960652580984;"standard_error":6.798962563239659;"valid":true}};"failures":{"0":[];"1":[];"2":[]};"fold_contract":{"azimuth_sectors":8;"leave_one_donor_cell_out":false;"sector_zero_angle_rad":0.0};"one_se_threshold":496.25344593756785}
58,1,58,{"best_order":1;"candidates":{"0":{"failed_fold_count":0;"fold_scores":[479.0294215710985;469.2767664494571;520.3664226253449;508.8246294721203;478.2857509233149;464.5890431932558;438.8619560149737;457.40272070088383];"mean":477.0795888688061;"standard_error":9.403094688974534;"valid":true};"1":{"failed_fold_count":0;"fold_scores":[479.15949917891817;469.06737774095825;520.366912790774;508.86988245079147;478.12150567004426;464.4884859273077;438.6551032524845;457.30671550037266];"mean":477.0044353139564;"standard_error":9.430119515208194;"valid":true};"2":{"failed_fold_count":0;"fold_scores":[479.7526207836736;468.60148372064174;522.5578509401371;508.72624863394714;478.32754823399205;464.63551731893614;439.58501601130854;457.3761569380699];"mean":477.4453053225883;"standard_error":9.541467127168369;"valid":true}};"failures":{"0":[];"1":[];"2":[]};"fold_contract":{"azimuth_sectors":8;"leave_one_donor_cell_out":false;"sector_zero_angle_rad":0.0};"one_se_threshold":486.4345548291646}
59,1,59,{"best_order":1;"candidates":{"0":{"failed_fold_count":0;"fold_scores":[543.9219157780244;497.90589856047177;531.1182131486958;563.8428262495934;518.1573456189071;539.7353877853926;549.9681849056878;523.8473789913554];"mean":533.562143879766;"standard_error":7.246349838529201;"valid":true};"1":{"failed_fold_count":0;"fold_scores":[543.1294586368542;497.9081684495452;531.8806305148464;563.3644751577222;518.3427489580506;539.7972008810112;549.82744952363;523.0518688257426];"mean":533.4127501184253;"standard_error":7.195111598783909;"valid":true};"2":{"failed_fold_count":0;"fold_scores":[542.9245854137439;498.1304131223776;532.7440518887745;562.5644749309893;519.1267841399008;539.6346020852327;550.508643029852;524.7082533500554];"mean":533.7927259951157;"standard_error":7.065094734968883;"valid":true}};"failures":{"0":[];"1":[];"2":[]};"fold_contract":{"azimuth_sectors":8;"leave_one_donor_cell_out":false;"sector_zero_angle_rad":0.0};"one_se_threshold":540.6078617172092}
60,1,59;60,{"best_order":0;"candidates":{"0":{"failed_fold_count":0;"fold_scores":[1043.5357231619969;978.4056689942666;1033.4630127590133;1056.2452683040838;980.4050410741178;976.5046198493001;1029.6958116157962;1009.9087370680176;4282.992376378361;3844.5943421616507];"mean":1623.5750601366603;"standard_error":408.11025683326176;"valid":true};"1":{"failed_fold_count":0;"fold_scores":[1042.6800090900322;978.1877511670966;1033.4888647817156;1055.9513804612805;980.5215023793876;976.3344431467932;1029.635872298221;1008.9835862507257;4293.0195724365485;3847.159165216306];"mean":1624.5962147228106;"standard_error":409.03051747977133;"valid":true};"2":{"failed_fold_count":0;"fold_scores":[1041.841293480174;978.7429094493132;1033.812086955979;1054.650749178535;980.8703486602476;975.8527453447426;1029.4111065569355;1010.4515085689841;4317.968316715206;3845.9419225600805];"mean":1626.95429874702;"standard_error":410.7694412816315;"valid":true}};"failures":{"0":[];"1":[];"2":[]};"fold_contract":{"azimuth_sectors":8;"leave_one_donor_cell_out":true;"sector_zero_angle_rad":0.0};"one_se_threshold":2031.685316969922}
61,1,59;60;61;62,{"best_order":1;"candidates":{"0":{"failed_fold_count":0;"fold_scores":[1344.4099807602774;1252.6494638053853;1360.7880551798496;1303.2864724318808;1299.3965179200927;1342.7699748633374;1336.5513390268102;1240.4427906831886;4282.992376378361;3844.5943421616507;1918.5767097115686;472.70337737449324];"mean":1749.9301166914076;"standard_error":325.96765522238445;"valid":true};"1":{"failed_fold_count":0;"fold_scores":[1343.6263540706948;1252.4142426834737;1360.6405587141903;1302.8406666241403;1299.502054897806;1342.3651445637686;1336.3406994987909;1239.2272125885156;4279.4869134818055;3847.52107005195;1917.3201970122234;472.3228016169163];"mean":1749.4673263170232;"standard_error":325.94560747877665;"valid":true};"2":{"failed_fold_count":0;"fold_scores":[1343.3755741699686;1253.7253439675512;1360.7741041447118;1301.3712164992166;1299.9562254714726;1341.6817666875945;1336.2226116616791;1240.6010297132095;4282.288189567853;3847.6426644837966;1918.996647884111;472.8978887317422];"mean":1749.961105248576;"standard_error":326.0936915968654;"valid":true}};"failures":{"0":[];"1":[];"2":[]};"fold_contract":{"azimuth_sectors":8;"leave_one_donor_cell_out":true;"sector_zero_angle_rad":0.0};"one_se_threshold":2075.4129337957997}
62,1,59;60;61;62;63,{"best_order":1;"candidates":{"0":{"failed_fold_count":0;"fold_scores":[1344.4099807602774;1275.6021994108794;1408.89362533698;1335.2537294446183;1322.2843170345393;1355.6326370272045;1336.5513390268102;1253.2990012285577;4282.992376378361;3844.5943421616507;1918.5767097115686;472.70337737449324;164.18167291674666];"mean":1639.6134852163605;"standard_error":322.78570690590436;"valid":true};"1":{"failed_fold_count":0;"fold_scores":[1343.6263540706948;1275.3518439703605;1408.6958913019466;1334.830806078756;1322.3957104720544;1355.2292971807271;1336.3406994987909;1252.0982296418117;4279.4869134818055;3847.52107005195;1917.3201970122234;472.3228016169163;164.63763156128056];"mean":1639.2198035337935;"standard_error":322.74049086207157;"valid":true};"2":{"failed_fold_count":0;"fold_scores":[1343.3755741699686;1276.6917833884597;1408.834766933985;1333.4816079133273;1322.8406041972562;1354.5527036547237;1336.2226113623396;1253.4534620940278;4282.288189567853;3847.6426644837966;1918.9967993524333;472.89788873182755;164.8654551890265];"mean":1639.7033931568478;"standard_error":322.872715589363;"valid":true}};"failures":{"0":[];"1":[];"2":[]};"fold_contract":{"azimuth_sectors":8;"leave_one_donor_cell_out":true;"sector_zero_angle_rad":0.0};"one_se_threshold":1961.960294395865}
70,1,69;70;71,{"best_order":1;"candidates":{"0":{"failed_fold_count":0;"fold_scores":[1022.3087619156267;1088.2526671059243;1016.3508205376004;993.5309732337795;945.7054110746386;1031.6084400912573;961.6535680758047;1015.4666063396451;538.259281561548;3403.5522991937933;4179.000470934713];"mean":1472.335390914939;"standard_error":352.3486944901719;"valid":true};"1":{"failed_fold_count":0;"fold_scores":[1020.9711905712613;1088.5189770426139;1016.9882638978672;993.6892590246262;944.058893843268;1028.9249986083526;961.5252857592882;1016.1230511837161;536.9752864578195;3399.4407297141825;4145.322034877993];"mean":1468.4125428164537;"standard_error":349.87731793920057;"valid":true};"2":{"failed_fold_count":0;"fold_scores":[1022.5402338252719;1087.9442290993316;1016.7801862143665;993.4372123322883;943.9517004889607;1027.237389719137;963.8827415836909;1015.6403874015353;537.0433525252131;3399.177593249973;4147.836478644882];"mean":1468.6792277349682;"standard_error":350.02588649494635;"valid":true}};"failures":{"0":[];"1":[];"2":[]};"fold_contract":{"azimuth_sectors":8;"leave_one_donor_cell_out":true;"sector_zero_angle_rad":0.0};"one_se_threshold":1818.2898607556542}
71,1,70;71,{"best_order":1;"candidates":{"0":{"failed_fold_count":0;"fold_scores":[943.9650909474702;996.4777718583739;951.778793385003;928.9192859980019;874.182063865775;998.7832253007803;904.5074808582318;943.6934314859568;3403.5522991937933;4179.000470934713];"mean":1512.48599138281;"standard_error":384.3513972306584;"valid":true};"1":{"failed_fold_count":0;"fold_scores":[942.7816170891701;996.7916530817581;952.3272524820125;928.8932133217086;872.4483469332936;996.0435035130099;904.5469289327907;944.0883227526841;3399.4407297141825;4145.322034877993];"mean":1508.2683602698603;"standard_error":381.60676157648084;"valid":true};"2":{"failed_fold_count":0;"fold_scores":[943.9174765064631;996.2460761355055;952.258150394911;928.6973097399868;872.2198110072554;994.3349811554878;907.2781557100093;943.6859317331501;3399.177593249973;4147.836478644882];"mean":1508.5651964277624;"standard_error":381.7677189822614;"valid":true}};"failures":{"0":[];"1":[];"2":[]};"fold_contract":{"azimuth_sectors":8;"leave_one_donor_cell_out":true;"sector_zero_angle_rad":0.0};"one_se_threshold":1889.8751218463412}
72,1,72,{"best_order":0;"candidates":{"0":{"failed_fold_count":0;"fold_scores":[426.69494205555975;545.568415872285;489.15918311442323;447.1473433666915;512.7378504101687;543.5027897599853;544.3458891401808;520.7611430989514];"mean":503.7396946022807;"standard_error":16.20266988577109;"valid":true};"1":{"failed_fold_count":0;"fold_scores":[426.5396857338428;546.0537654482205;488.8869693805593;448.04857027456825;512.697681350945;543.6900166987175;545.0609292791601;521.1499685053801];"mean":504.01594833392414;"standard_error":16.234141735665442;"valid":true};"2":{"failed_fold_count":0;"fold_scores":[426.418819631367;547.514672471877;489.41675159146826;449.49718850286695;512.5687651057258;543.5466896645835;544.627714320292;521.6857856857221];"mean":504.4095483717378;"standard_error":16.19910414690547;"valid":true}};"failures":{"0":[];"1":[];"2":[]};"fold_contract":{"azimuth_sectors":8;"leave_one_donor_cell_out":false;"sector_zero_angle_rad":0.0};"one_se_threshold":519.9423644880518}
73,1,72;73,{"best_order":1;"candidates":{"0":{"failed_fold_count":0;"fold_scores":[967.5997269295946;1032.977276922104;1033.9212252809468;990.562226057317;980.663747918152;1061.3177416318326;1086.8183781663467;1084.4303707709826;4044.488839284409;4220.598410199258];"mean":1650.3377943160945;"standard_error":414.1115069789676;"valid":true};"1":{"failed_fold_count":0;"fold_scores":[966.88534092087;1033.2462190890924;1034.4073322558734;990.3637734507422;981.0349256619991;1061.3532104692915;1088.1195463447793;1085.4578145581418;4043.0102849179552;4215.548916435362];"mean":1649.9427364104108;"standard_error":413.6300201076088;"valid":true};"2":{"failed_fold_count":0;"fold_scores":[966.1884350823373;1034.9545664565567;1035.2492812935916;991.1288729933128;981.4052632772662;1061.2323873901203;1087.439364538122;1087.2275271763235;4043.0463216885482;4214.78764986024];"mean":1650.2659669756417;"standard_error":413.5156584083512;"valid":true}};"failures":{"0":[];"1":[];"2":[]};"fold_contract":{"azimuth_sectors":8;"leave_one_donor_cell_out":true;"sector_zero_angle_rad":0.0};"one_se_threshold":2063.5727565180196}
74,1,73;74,{"best_order":1;"candidates":{"0":{"failed_fold_count":0;"fold_scores":[1108.9460281632996;997.0057794970412;1065.0364683675368;1066.7573686107262;969.7431885372539;1075.7379036676261;1023.2075148894932;1086.9429535572588;4220.598410199258;4201.190987114431];"mean":1681.5166602603924;"standard_error":421.7759033096295;"valid":true};"1":{"failed_fold_count":0;"fold_scores":[1109.0235188790052;996.7049150095507;1065.408192868083;1065.8120534853147;970.6641565788644;1075.2331093064545;1024.110168324291;1087.0904199270524;4212.734632407921;4200.419767914531];"mean":1680.7200934701068;"standard_error":421.1854322402791;"valid":true};"2":{"failed_fold_count":0;"fold_scores":[1108.8319867393625;997.3934710468081;1065.917220851045;1065.864850862354;971.7156199214767;1075.5742777989904;1024.1302304601031;1087.625117922103;4222.324301709847;4202.165858190255];"mean":1682.1542935502343;"standard_error":421.8899494142445;"valid":true}};"failures":{"0":[];"1":[];"2":[]};"fold_contract":{"azimuth_sectors":8;"leave_one_donor_cell_out":true;"sector_zero_angle_rad":0.0};"one_se_threshold":2101.905525710386}
75,1,73;74;75;76,{"best_order":1;"candidates":{"0":{"failed_fold_count":0;"fold_scores":[1980.894559806758;1897.9303777383232;1933.102245434614;1921.363209247767;1845.6798063516258;1923.4772223850582;1861.0189814132464;1974.5020511281584;4220.598410199258;4201.190987114431;4228.029147419182;2724.851579938012];"mean":2559.3865481813696;"standard_error":296.2127311812781;"valid":true};"1":{"failed_fold_count":0;"fold_scores":[1980.9128088724253;1897.2399797434393;1933.6915030944363;1920.6538896273646;1846.5346717033708;1923.0796105111365;1861.8762791846189;1974.9771151808432;4211.904364786331;4200.3461150112635;4228.92084885993;2723.223930667173];"mean":2558.613426436861;"standard_error":295.8217452076714;"valid":true};"2":{"failed_fold_count":0;"fold_scores":[1980.8690033506812;1896.982174899932;1933.7716855356393;1920.929266610675;1847.2225160483072;1923.3457945424652;1861.568782578295;1978.6139547380517;4213.246379588364;4202.565726093077;4230.72308637288;2723.1470877202073];"mean":2559.415454839881;"standard_error":295.98230302920024;"valid":true}};"failures":{"0":[];"1":[];"2":[]};"fold_contract":{"azimuth_sectors":8;"leave_one_donor_cell_out":true;"sector_zero_angle_rad":0.0};"one_se_threshold":2854.4351716445326}
86,1,79;80;81;82;83;84;85;86;87;88;89;90,{"best_order":1;"candidates":{"0":{"failed_fold_count":0;"fold_scores":[2019.2266175588552;2146.603647499264;2077.4860192170513;2110.120396055004;1982.8489973179637;2004.776185855345;2060.3966308410686;2137.9321560417325;0.0;0.0;0.0;0.0;0.0;0.0;516.7349699050482;1964.4203956998094;3635.554163449698;4232.129408775615;4299.626622043454;1960.5261058682531];"mean":1657.4191158064082;"standard_error":311.4666941740525;"valid":true};"1":{"failed_fold_count":0;"fold_scores":[2019.1486946539815;2145.679185237096;2077.1704661679814;2111.11807118615;1981.005749742995;2003.3804222591712;2060.5179031995203;2139.204244379965;0.0;0.0;0.0;0.0;0.0;0.0;519.7396377849313;1961.0155502518005;3633.2806574296455;4219.511415330897;4302.882971327024;1960.282475037609];"mean":1656.696872199438;"standard_error":311.1842317638714;"valid":true};"2":{"failed_fold_count":0;"fold_scores":[2018.8706973252968;2145.765894474056;2076.4946129237096;2112.2282954859897;1981.8942209304976;2002.688217581096;2059.9268643954956;2140.593064548762;0.0;0.0;0.0;0.0;0.0;0.0;519.8945616679351;1960.7661675691159;3633.8660950637013;4219.7655075717375;4308.535691589052;1960.539378163348];"mean":1657.0914634644898;"standard_error":311.3300867955924;"valid":true}};"failures":{"0":[];"1":[];"2":[]};"fold_contract":{"azimuth_sectors":8;"leave_one_donor_cell_out":true;"sector_zero_angle_rad":0.0};"one_se_threshold":1967.8811039633094}
87,1,79;80;81;82;83;84;85;86;87;88;89;90,{"best_order":1;"candidates":{"0":{"failed_fold_count":0;"fold_scores":[2019.2266175588552;2146.603647499264;2077.4860192170513;2110.120396055004;1982.8489973179637;2004.776185855345;2060.3966308410686;2137.9321560417325;0.0;0.0;0.0;0.0;0.0;0.0;516.7349699050482;1964.4203956998094;3635.554163449698;4232.129408775615;4299.626622043454;1960.5261058682531];"mean":1657.4191158064082;"standard_error":311.4666941740525;"valid":true};"1":{"failed_fold_count":0;"fold_scores":[2019.1486946539815;2145.679185237096;2077.1704661679814;2111.11807118615;1981.005749742995;2003.3804222591712;2060.5179031995203;2139.204244379965;0.0;0.0;0.0;0.0;0.0;0.0;519.7396377849313;1961.0155502518005;3633.2806574296455;4219.511415330897;4302.882971327024;1960.282475037609];"mean":1656.696872199438;"standard_error":311.1842317638714;"valid":true};"2":{"failed_fold_count":0;"fold_scores":[2018.8706973252968;2145.765894474056;2076.4946129237096;2112.2282954859897;1981.8942209304976;2002.688217581096;2059.9268643954956;2140.593064548762;0.0;0.0;0.0;0.0;0.0;0.0;519.8945616679351;1960.7661675691159;3633.8660950637013;4219.7655075717375;4308.535691589052;1960.539378163348];"mean":1657.0914634644898;"standard_error":311.3300867955924;"valid":true}};"failures":{"0":[];"1":[];"2":[]};"fold_contract":{"azimuth_sectors":8;"leave_one_donor_cell_out":true;"sector_zero_angle_rad":0.0};"one_se_threshold":1967.8811039633094}
88,1,79;80;81;82;83;84;85;86;87;88;89;90,{"best_order":1;"candidates":{"0":{"failed_fold_count":0;"fold_scores":[2019.2266175588552;2146.603647499264;2077.4860192170513;2110.120396055004;1982.8489973179637;2004.776185855345;2060.3966308410686;2137.9321560417325;0.0;0.0;0.0;0.0;0.0;0.0;516.7349699050482;1964.4203956998094;3635.554163449698;4232.129408775615;4299.626622043454;1960.5261058682531];"mean":1657.4191158064082;"standard_error":311.4666941740525;"valid":true};"1":{"failed_fold_count":0;"fold_scores":[2019.1486946539815;2145.679185237096;2077.1704661679814;2111.11807118615;1981.005749742995;2003.3804222591712;2060.5179031995203;2139.204244379965;0.0;0.0;0.0;0.0;0.0;0.0;519.7396377849313;1961.0155502518005;3633.2806574296455;4219.511415330897;4302.882971327024;1960.282475037609];"mean":1656.696872199438;"standard_error":311.1842317638714;"valid":true};"2":{"failed_fold_count":0;"fold_scores":[2018.8706973252968;2145.765894474056;2076.4946129237096;2112.2282954859897;1981.8942209304976;2002.688217581096;2059.9268643954956;2140.593064548762;0.0;0.0;0.0;0.0;0.0;0.0;519.8945616679351;1960.7661675691159;3633.8660950637013;4219.7655075717375;4308.535691589052;1960.539378163348];"mean":1657.0914634644898;"standard_error":311.3300867955924;"valid":true}};"failures":{"0":[];"1":[];"2":[]};"fold_contract":{"azimuth_sectors":8;"leave_one_donor_cell_out":true;"sector_zero_angle_rad":0.0};"one_se_threshold":1967.8811039633094}
89,1,79;80;81;82;83;84;85;86;87;88;89;90,{"best_order":1;"candidates":{"0":{"failed_fold_count":0;"fold_scores":[2019.2266175588552;2146.603647499264;2077.4860192170513;2110.120396055004;1982.8489973179637;2004.776185855345;2060.3966308410686;2137.9321560417325;0.0;0.0;0.0;0.0;0.0;0.0;516.7349699050482;1964.4203956998094;3635.554163449698;4232.129408775615;4299.626622043454;1960.5261058682531];"mean":1657.4191158064082;"standard_error":311.4666941740525;"valid":true};"1":{"failed_fold_count":0;"fold_scores":[2019.1486946539815;2145.679185237096;2077.1704661679814;2111.11807118615;1981.005749742995;2003.3804222591712;2060.5179031995203;2139.204244379965;0.0;0.0;0.0;0.0;0.0;0.0;519.7396377849313;1961.0155502518005;3633.2806574296455;4219.511415330897;4302.882971327024;1960.282475037609];"mean":1656.696872199438;"standard_error":311.1842317638714;"valid":true};"2":{"failed_fold_count":0;"fold_scores":[2018.8706973252968;2145.765894474056;2076.4946129237096;2112.2282954859897;1981.8942209304976;2002.688217581096;2059.9268643954956;2140.593064548762;0.0;0.0;0.0;0.0;0.0;0.0;519.8945616679351;1960.7661675691159;3633.8660950637013;4219.7655075717375;4308.535691589052;1960.539378163348];"mean":1657.0914634644898;"standard_error":311.3300867955924;"valid":true}};"failures":{"0":[];"1":[];"2":[]};"fold_contract":{"azimuth_sectors":8;"leave_one_donor_cell_out":true;"sector_zero_angle_rad":0.0};"one_se_threshold":1967.8811039633094}
