cell_id,cell_index,nhit_bin,predE_bin,input_files,input_dir,events,truth_range_events,sumw_total
1,0,"[125,200)","[2,2.5)",10000,/mnt/mydisk/WCDA_simulation_binned_response_v3_candidate/nhit_125_200/predE_2_2p5,186591,175589,76747512.59533978
2,1,"[125,200)","[2.5,3)",10000,/mnt/mydisk/WCDA_simulation_binned_response_v3_candidate/nhit_125_200/predE_2p5_3,418034,395886,176677865.71974754
3,2,"[125,200)","[3,3.25)",9995,/mnt/mydisk/WCDA_simulation_binned_response_v3_candidate/nhit_125_200/predE_3_3p25,88759,82183,34902036.95010662
4,3,"[125,200)","[3.25,3.5)",9850,/mnt/mydisk/WCDA_simulation_binned_response_v3_candidate/nhit_125_200/predE_3p25_3p5,42094,38107,15591657.60533905
5,4,"[125,200)","[3.5,3.75)",9030,/mnt/mydisk/WCDA_simulation_binned_response_v3_candidate/nhit_125_200/predE_3p5_3p75,23611,21914,8149360.878608704
6,5,"[125,200)","[3.75,4.0)",8088,/mnt/mydisk/WCDA_simulation_binned_response_v3_candidate/nhit_125_200/predE_3p75_4p0,16474,15356,5064792.71015358
7,6,"[125,200)","[4.0,4.25)",6653,/mnt/mydisk/WCDA_simulation_binned_response_v3_candidate/nhit_125_200/predE_4p0_4p25,11008,10385,2685740.6902065277
8,7,"[125,200)","[4.25,4.5)",5057,/mnt/mydisk/WCDA_simulation_binned_response_v3_candidate/nhit_125_200/predE_4p25_4p5,7175,6867,1309096.4708099365
9,8,"[125,200)","[4.5,4.75)",4199,/mnt/mydisk/WCDA_simulation_binned_response_v3_candidate/nhit_125_200/predE_4p5_4p75,5325,5121,691981.7828044891
10,9,"[125,200)","[4.75,5.0)",3845,/mnt/mydisk/WCDA_simulation_binned_response_v3_candidate/nhit_125_200/predE_4p75_5p0,4880,4778,416926.6414756775
11,10,"[125,200)","[5,6)",8411,/mnt/mydisk/WCDA_simulation_binned_response_v3_candidate/nhit_125_200/predE_5_6,19089,18561,554382.5666055679
12,11,"[125,200)",>=6,154,/mnt/mydisk/WCDA_simulation_binned_response_v3_candidate/nhit_125_200/predE_ge_6,157,153,1195.4289646148682
13,12,"[200,300)","[2,2.5)",8250,/mnt/mydisk/WCDA_simulation_binned_response_v3_candidate/nhit_200_300/predE_2_2p5,17965,17815,7427817.147146225
14,13,"[200,300)","[2.5,3)",10000,/mnt/mydisk/WCDA_simulation_binned_response_v3_candidate/nhit_200_300/predE_2p5_3,255726,250877,108531228.77339554
15,14,"[200,300)","[3,3.25)",10000,/mnt/mydisk/WCDA_simulation_binned_response_v3_candidate/nhit_200_300/predE_3_3p25,122642,118044,48013168.27282524
16,15,"[200,300)","[3.25,3.5)",9964,/mnt/mydisk/WCDA_simulation_binned_response_v3_candidate/nhit_200_300/predE_3p25_3p5,55093,52316,20356945.76521492
17,16,"[200,300)","[3.5,3.75)",9279,/mnt/mydisk/WCDA_simulation_binned_response_v3_candidate/nhit_200_300/predE_3p5_3p75,26172,24607,9014504.979701042
18,17,"[200,300)","[3.75,4.0)",8088,/mnt/mydisk/WCDA_simulation_binned_response_v3_candidate/nhit_200_300/predE_3p75_4p0,16631,15866,5075121.944570541
19,18,"[200,300)","[4.0,4.25)",7348,/mnt/mydisk/WCDA_simulation_binned_response_v3_candidate/nhit_200_300/predE_4p0_4p25,13247,12772,3118586.8105592728
20,19,"[200,300)","[4.25,4.5)",6334,/mnt/mydisk/WCDA_simulation_binned_response_v3_candidate/nhit_200_300/predE_4p25_4p5,10121,9896,1820421.7689857483
21,20,"[200,300)","[4.5,4.75)",5374,/mnt/mydisk/WCDA_simulation_binned_response_v3_candidate/nhit_200_300/predE_4p5_4p75,7811,7653,993056.2096691132
22,21,"[200,300)","[4.75,5.0)",4743,/mnt/mydisk/WCDA_simulation_binned_response_v3_candidate/nhit_200_300/predE_4p75_5p0,6480,6352,546874.9160814285
23,22,"[200,300)","[5,6)",9007,/mnt/mydisk/WCDA_simulation_binned_response_v3_candidate/nhit_200_300/predE_5_6,24254,23599,672721.0553312302
24,23,"[200,300)",>=6,201,/mnt/mydisk/WCDA_simulation_binned_response_v3_candidate/nhit_200_300/predE_ge_6,203,195,1418.3988008499146
25,24,"[300,500)","[2,2.5)",221,/mnt/mydisk/WCDA_simulation_binned_response_v3_candidate/nhit_300_500/predE_2_2p5,227,227,98196.59164428711
26,25,"[300,500)","[2.5,3)",9996,/mnt/mydisk/WCDA_simulation_binned_response_v3_candidate/nhit_300_500/predE_2p5_3,80182,79697,33859957.86836243
27,26,"[300,500)","[3,3.25)",10000,/mnt/mydisk/WCDA_simulation_binned_response_v3_candidate/nhit_300_500/predE_3_3p25,151506,149370,58532835.488461494
28,27,"[300,500)","[3.25,3.5)",10000,/mnt/mydisk/WCDA_simulation_binned_response_v3_candidate/nhit_300_500/predE_3p25_3p5,112141,109489,41178047.500751495
29,28,"[300,500)","[3.5,3.75)",9881,/mnt/mydisk/WCDA_simulation_binned_response_v3_candidate/nhit_300_500/predE_3p5_3p75,46983,45615,16138437.48114109
30,29,"[300,500)","[3.75,4.0)",8738,/mnt/mydisk/WCDA_simulation_binned_response_v3_candidate/nhit_300_500/predE_3p75_4p0,20906,20181,6437353.275229454
31,30,"[300,500)","[4.0,4.25)",7370,/mnt/mydisk/WCDA_simulation_binned_response_v3_candidate/nhit_300_500/predE_4p0_4p25,13417,13094,3109767.9483919144
32,31,"[300,500)","[4.25,4.5)",6796,/mnt/mydisk/WCDA_simulation_binned_response_v3_candidate/nhit_300_500/predE_4p25_4p5,11186,11034,1992845.1620588303
33,32,"[300,500)","[4.5,4.75)",6278,/mnt/mydisk/WCDA_simulation_binned_response_v3_candidate/nhit_300_500/predE_4p5_4p75,10057,9972,1308215.671875
34,33,"[300,500)","[4.75,5.0)",5654,/mnt/mydisk/WCDA_simulation_binned_response_v3_candidate/nhit_300_500/predE_4p75_5p0,8426,8323,775106.4521369934
35,34,"[300,500)","[5,6)",9611,/mnt/mydisk/WCDA_simulation_binned_response_v3_candidate/nhit_300_500/predE_5_6,34776,34032,954632.586648941
36,35,"[300,500)",>=6,421,/mnt/mydisk/WCDA_simulation_binned_response_v3_candidate/nhit_300_500/predE_ge_6,433,413,2860.510509490967
37,36,"[500,800)","[2,2.5)",0,/mnt/mydisk/WCDA_simulation_binned_response_v3_candidate/nhit_500_800/predE_2_2p5,0,0,0.0
38,37,"[500,800)","[2.5,3)",871,/mnt/mydisk/WCDA_simulation_binned_response_v3_candidate/nhit_500_800/predE_2p5_3,913,913,374060.98455810547
39,38,"[500,800)","[3,3.25)",9340,/mnt/mydisk/WCDA_simulation_binned_response_v3_candidate/nhit_500_800/predE_3_3p25,27769,27732,10457155.919128418
40,39,"[500,800)","[3.25,3.5)",10000,/mnt/mydisk/WCDA_simulation_binned_response_v3_candidate/nhit_500_800/predE_3p25_3p5,89513,88998,32134513.158996582
41,40,"[500,800)","[3.5,3.75)",9987,/mnt/mydisk/WCDA_simulation_binned_response_v3_candidate/nhit_500_800/predE_3p5_3p75,68604,67855,23091089.38515377
42,41,"[500,800)","[3.75,4.0)",9288,/mnt/mydisk/WCDA_simulation_binned_response_v3_candidate/nhit_500_800/predE_3p75_4p0,26703,25987,8289807.905752182
43,42,"[500,800)","[4.0,4.25)",6502,/mnt/mydisk/WCDA_simulation_binned_response_v3_candidate/nhit_500_800/predE_4p0_4p25,10601,10475,2486122.6837911606
44,43,"[500,800)","[4.25,4.5)",4077,/mnt/mydisk/WCDA_simulation_binned_response_v3_candidate/nhit_500_800/predE_4p25_4p5,5257,5174,904997.0192451477
45,44,"[500,800)","[4.5,4.75)",3990,/mnt/mydisk/WCDA_simulation_binned_response_v3_candidate/nhit_500_800/predE_4p5_4p75,5154,5127,623813.811873436
46,45,"[500,800)","[4.75,5.0)",4136,/mnt/mydisk/WCDA_simulation_binned_response_v3_candidate/nhit_500_800/predE_4p75_5p0,5397,5365,463604.03871154785
47,46,"[500,800)","[5,6)",9301,/mnt/mydisk/WCDA_simulation_binned_response_v3_candidate/nhit_500_800/predE_5_6,27712,27208,666430.566986084
48,47,"[500,800)",>=6,415,/mnt/mydisk/WCDA_simulation_binned_response_v3_candidate/nhit_500_800/predE_ge_6,426,414,2674.0653076171875
49,48,"[800,1100)","[2,2.5)",0,/mnt/mydisk/WCDA_simulation_binned_response_v3_candidate/nhit_800_1100/predE_2_2p5,0,0,0.0
50,49,"[800,1100)","[2.5,3)",5,/mnt/mydisk/WCDA_simulation_binned_response_v3_candidate/nhit_800_1100/predE_2p5_3,5,5,1851.4540100097656
51,50,"[800,1100)","[3,3.25)",1034,/mnt/mydisk/WCDA_simulation_binned_response_v3_candidate/nhit_800_1100/predE_3_3p25,1093,1093,393677.6619567871
52,51,"[800,1100)","[3.25,3.5)",7898,/mnt/mydisk/WCDA_simulation_binned_response_v3_candidate/nhit_800_1100/predE_3p25_3p5,15783,15783,5342978.480926514
53,52,"[800,1100)","[3.5,3.75)",9593,/mnt/mydisk/WCDA_simulation_binned_response_v3_candidate/nhit_800_1100/predE_3p5_3p75,32787,32730,10622509.68058014
54,53,"[800,1100)","[3.75,4.0)",8931,/mnt/mydisk/WCDA_simulation_binned_response_v3_candidate/nhit_800_1100/predE_3p75_4p0,22615,22350,6673800.961956024
55,54,"[800,1100)","[4.0,4.25)",5879,/mnt/mydisk/WCDA_simulation_binned_response_v3_candidate/nhit_800_1100/predE_4p0_4p25,9020,8901,2068203.1447906494
56,55,"[800,1100)","[4.25,4.5)",2450,/mnt/mydisk/WCDA_simulation_binned_response_v3_candidate/nhit_800_1100/predE_4p25_4p5,2841,2804,485669.5097427368
57,56,"[800,1100)","[4.5,4.75)",1212,/mnt/mydisk/WCDA_simulation_binned_response_v3_candidate/nhit_800_1100/predE_4p5_4p75,1287,1279,136087.8495054245
58,57,"[800,1100)","[4.75,5.0)",1373,/mnt/mydisk/WCDA_simulation_binned_response_v3_candidate/nhit_800_1100/predE_4p75_5p0,1482,1479,87769.87299156189
59,58,"[800,1100)","[5,6)",5467,/mnt/mydisk/WCDA_simulation_binned_response_v3_candidate/nhit_800_1100/predE_5_6,8235,8083,149211.168967247
60,59,"[800,1100)",>=6,71,/mnt/mydisk/WCDA_simulation_binned_response_v3_candidate/nhit_800_1100/predE_ge_6,71,67,438.85958194732666
61,60,"[1100,2000)","[2,2.5)",0,/mnt/mydisk/WCDA_simulation_binned_response_v3_candidate/nhit_1100_2000/predE_2_2p5,0,0,0.0
62,61,"[1100,2000)","[2.5,3)",0,/mnt/mydisk/WCDA_simulation_binned_response_v3_candidate/nhit_1100_2000/predE_2p5_3,0,0,0.0
63,62,"[1100,2000)","[3,3.25)",16,/mnt/mydisk/WCDA_simulation_binned_response_v3_candidate/nhit_1100_2000/predE_3_3p25,16,16,5396.165740966797
64,63,"[1100,2000)","[3.25,3.5)",1453,/mnt/mydisk/WCDA_simulation_binned_response_v3_candidate/nhit_1100_2000/predE_3p25_3p5,1565,1565,504982.03146362305
65,64,"[1100,2000)","[3.5,3.75)",6624,/mnt/mydisk/WCDA_simulation_binned_response_v3_candidate/nhit_1100_2000/predE_3p5_3p75,10960,10959,3406098.383049011
66,65,"[1100,2000)","[3.75,4.0)",9047,/mnt/mydisk/WCDA_simulation_binned_response_v3_candidate/nhit_1100_2000/predE_3p75_4p0,23726,23680,6009177.353107452
67,66,"[1100,2000)","[4.0,4.25)",9053,/mnt/mydisk/WCDA_simulation_binned_response_v3_candidate/nhit_1100_2000/predE_4p0_4p25,23998,23910,4812667.200799942
68,67,"[1100,2000)","[4.25,4.5)",7320,/mnt/mydisk/WCDA_simulation_binned_response_v3_candidate/nhit_1100_2000/predE_4p25_4p5,13380,13311,2275550.017097473
69,68,"[1100,2000)","[4.5,4.75)",4265,/mnt/mydisk/WCDA_simulation_binned_response_v3_candidate/nhit_1100_2000/predE_4p5_4p75,5650,5582,729099.690158844
70,69,"[1100,2000)","[4.75,5.0)",1484,/mnt/mydisk/WCDA_simulation_binned_response_v3_candidate/nhit_1100_2000/predE_4p75_5p0,1641,1625,144433.02258872986
71,70,"[1100,2000)","[5,6)",859,/mnt/mydisk/WCDA_simulation_binned_response_v3_candidate/nhit_1100_2000/predE_5_6,910,878,23649.683462142944
72,71,"[1100,2000)",>=6,4,/mnt/mydisk/WCDA_simulation_binned_response_v3_candidate/nhit_1100_2000/predE_ge_6,4,4,24.724483489990234
73,72,"[2000,3000)","[2,2.5)",0,/mnt/mydisk/WCDA_simulation_binned_response_v3_candidate/nhit_2000_3000/predE_2_2p5,0,0,0.0
74,73,"[2000,3000)","[2.5,3)",0,/mnt/mydisk/WCDA_simulation_binned_response_v3_candidate/nhit_2000_3000/predE_2p5_3,0,0,0.0
75,74,"[2000,3000)","[3,3.25)",0,/mnt/mydisk/WCDA_simulation_binned_response_v3_candidate/nhit_2000_3000/predE_3_3p25,0,0,0.0
76,75,"[2000,3000)","[3.25,3.5)",0,/mnt/mydisk/WCDA_simulation_binned_response_v3_candidate/nhit_2000_3000/predE_3p25_3p5,0,0,0.0
77,76,"[2000,3000)","[3.5,3.75)",4,/mnt/mydisk/WCDA_simulation_binned_response_v3_candidate/nhit_2000_3000/predE_3p5_3p75,4,4,740.2216796875
78,77,"[2000,3000)","[3.75,4.0)",154,/mnt/mydisk/WCDA_simulation_binned_response_v3_candidate/nhit_2000_3000/predE_3p75_4p0,156,156,28249.64640045166
79,78,"[2000,3000)","[4.0,4.25)",1105,/mnt/mydisk/WCDA_simulation_binned_response_v3_candidate/nhit_2000_3000/predE_4p0_4p25,1175,1175,202709.4412689209
80,79,"[2000,3000)","[4.25,4.5)",2660,/mnt/mydisk/WCDA_simulation_binned_response_v3_candidate/nhit_2000_3000/predE_4p25_4p5,3127,3127,401309.9766654968
81,80,"[2000,3000)","[4.5,4.75)",4207,/mnt/mydisk/WCDA_simulation_binned_response_v3_candidate/nhit_2000_3000/predE_4p5_4p75,5515,5515,538360.1327123642
82,81,"[2000,3000)","[4.75,5.0)",4045,/mnt/mydisk/WCDA_simulation_binned_response_v3_candidate/nhit_2000_3000/predE_4p75_5p0,5332,5331,374267.7941608429
83,82,"[2000,3000)","[5,6)",5026,/mnt/mydisk/WCDA_simulation_binned_response_v3_candidate/nhit_2000_3000/predE_5_6,7233,7185,248248.8919725418
84,83,"[2000,3000)",>=6,0,/mnt/mydisk/WCDA_simulation_binned_response_v3_candidate/nhit_2000_3000/predE_ge_6,0,0,0.0
